{"base_lr": 1.9613655770513682e-06, "lr": 1.9613655770513682e-06, "data_time": 0.006360340118408203, "loss": 2.096762275695801, "decode.loss_ce": 2.096762275695801, "decode.acc_seg": 100.0, "time": 0.1250523090362549, "iter": 50, "memory": 4498, "step": 50}
{"base_lr": 3.962697798532355e-06, "lr": 3.962697798532355e-06, "data_time": 0.006808733940124512, "loss": 1.8837013959884643, "decode.loss_ce": 1.8837013959884643, "decode.acc_seg": 46.80938720703125, "time": 0.12737364768981935, "iter": 100, "memory": 643, "step": 100}
{"base_lr": 5.964030020013346e-06, "lr": 5.964030020013346e-06, "data_time": 0.006193757057189941, "loss": 2.0949768304824827, "decode.loss_ce": 2.0949768304824827, "decode.acc_seg": 4.547473508864641e-11, "time": 0.12183611392974854, "iter": 150, "memory": 643, "step": 150}
{"base_lr": 7.965362241494336e-06, "lr": 7.965362241494336e-06, "data_time": 0.006486344337463379, "loss": 2.105113911628723, "decode.loss_ce": 2.105113911628723, "decode.acc_seg": 4.5476816756817584e-11, "time": 0.12642099857330322, "iter": 200, "memory": 643, "step": 200}
{"base_lr": 9.96669446297533e-06, "lr": 9.96669446297533e-06, "data_time": 0.006428670883178711, "loss": 1.7603699624538423, "decode.loss_ce": 1.7603699624538423, "decode.acc_seg": 42.06657409667969, "time": 0.12462108135223389, "iter": 250, "memory": 643, "step": 250}
{"base_lr": 1.1968026684456319e-05, "lr": 1.1968026684456319e-05, "data_time": 0.0061171531677246095, "loss": 1.8275596261024476, "decode.loss_ce": 1.8275596261024476, "decode.acc_seg": 27.048492431640625, "time": 0.12240705490112305, "iter": 300, "memory": 643, "step": 300}
{"base_lr": 1.3969358905937323e-05, "lr": 1.3969358905937323e-05, "data_time": 0.006431388854980469, "loss": 1.8047143697738648, "decode.loss_ce": 1.8047143697738648, "decode.acc_seg": 72.43995666503906, "time": 0.1279001235961914, "iter": 350, "memory": 643, "step": 350}
{"base_lr": 1.597069112741831e-05, "lr": 1.597069112741831e-05, "data_time": 0.006500649452209473, "loss": 2.0317956447601317, "decode.loss_ce": 2.0317956447601317, "decode.acc_seg": 28.453445434570312, "time": 0.12756431102752686, "iter": 400, "memory": 643, "step": 400}
{"base_lr": 1.797202334889931e-05, "lr": 1.797202334889931e-05, "data_time": 0.0064945220947265625, "loss": 1.6983412027359008, "decode.loss_ce": 1.6983412027359008, "decode.acc_seg": 34.07096862792969, "time": 0.13186993598937988, "iter": 450, "memory": 643, "step": 450}
{"base_lr": 1.9973355570380306e-05, "lr": 1.9973355570380306e-05, "data_time": 0.006784272193908691, "loss": 1.8488535284996033, "decode.loss_ce": 1.8488535284996033, "decode.acc_seg": 45.5108642578125, "time": 0.1298736572265625, "iter": 500, "memory": 643, "step": 500}
{"base_lr": 2.1974687791861306e-05, "lr": 2.1974687791861306e-05, "data_time": 0.006167411804199219, "loss": 1.834236953407526, "decode.loss_ce": 1.834236953407526, "decode.acc_seg": 4.547473508864641e-11, "time": 0.12530012130737306, "iter": 550, "memory": 643, "step": 550}
{"base_lr": 2.3976020013342307e-05, "lr": 2.3976020013342307e-05, "data_time": 0.0068133831024169925, "loss": 1.834357535839081, "decode.loss_ce": 1.834357535839081, "decode.acc_seg": 65.59295654296875, "time": 0.14246838092803954, "iter": 600, "memory": 643, "step": 600}
{"base_lr": 2.597735223482329e-05, "lr": 2.597735223482329e-05, "data_time": 0.006633591651916504, "loss": 1.7969547271728517, "decode.loss_ce": 1.7969547271728517, "decode.acc_seg": 81.15615844726562, "time": 0.15097904205322266, "iter": 650, "memory": 643, "step": 650}
{"base_lr": 2.797868445630428e-05, "lr": 2.797868445630428e-05, "data_time": 0.0061502218246459964, "loss": 1.6637344241142273, "decode.loss_ce": 1.6637344241142273, "decode.acc_seg": 66.54396057128906, "time": 0.14772932529449462, "iter": 700, "memory": 643, "step": 700}
{"base_lr": 2.99800166777853e-05, "lr": 2.99800166777853e-05, "data_time": 0.006313180923461914, "loss": 1.8156051516532898, "decode.loss_ce": 1.8156051516532898, "decode.acc_seg": 66.01126098632812, "time": 0.1480478525161743, "iter": 750, "memory": 643, "step": 750}
{"base_lr": 3.1981348899266314e-05, "lr": 3.1981348899266314e-05, "data_time": 0.006603503227233886, "loss": 1.6514069990254938, "decode.loss_ce": 1.6514069990254938, "decode.acc_seg": 4.547473508864641e-11, "time": 0.14197790622711182, "iter": 800, "memory": 643, "step": 800}
{"base_lr": 3.398268112074729e-05, "lr": 3.398268112074729e-05, "data_time": 0.0063762664794921875, "loss": 1.6052756624296307, "decode.loss_ce": 1.6052756624296307, "decode.acc_seg": 71.94480895996094, "time": 0.14937517642974854, "iter": 850, "memory": 643, "step": 850}
{"base_lr": 3.5984013342228235e-05, "lr": 3.5984013342228235e-05, "data_time": 0.005962347984313965, "loss": 1.4764980912208556, "decode.loss_ce": 1.4764980912208556, "decode.acc_seg": 2.3899078369140625, "time": 0.14178192615509033, "iter": 900, "memory": 643, "step": 900}
{"base_lr": 3.7985345563709256e-05, "lr": 3.7985345563709256e-05, "data_time": 0.006372213363647461, "loss": 1.7003769040107728, "decode.loss_ce": 1.7003769040107728, "decode.acc_seg": 11.130905151367188, "time": 0.1275688886642456, "iter": 950, "memory": 643, "step": 950}
{"base_lr": 3.998667778519025e-05, "lr": 3.998667778519025e-05, "data_time": 0.006107974052429199, "loss": 1.6251704454421998, "decode.loss_ce": 1.6251704454421998, "decode.acc_seg": 4.547473508864641e-11, "time": 0.12287185192108155, "iter": 1000, "memory": 643, "step": 1000}
{"base_lr": 4.198801000667124e-05, "lr": 4.198801000667124e-05, "data_time": 0.006010293960571289, "loss": 1.6027120232582093, "decode.loss_ce": 1.6027120232582093, "decode.acc_seg": 4.547473508864641e-11, "time": 0.12132542133331299, "iter": 1050, "memory": 643, "step": 1050}
{"base_lr": 4.398934222815225e-05, "lr": 4.398934222815225e-05, "data_time": 0.006138372421264649, "loss": 1.8787073969841004, "decode.loss_ce": 1.8787073969841004, "decode.acc_seg": 53.16886901855469, "time": 0.12495212554931641, "iter": 1100, "memory": 643, "step": 1100}
{"base_lr": 4.599067444963324e-05, "lr": 4.599067444963324e-05, "data_time": 0.006031179428100586, "loss": 1.3708637803792953, "decode.loss_ce": 1.3708637803792953, "decode.acc_seg": 39.38560485839844, "time": 0.12220416069030762, "iter": 1150, "memory": 643, "step": 1150}
{"base_lr": 4.7992006671114227e-05, "lr": 4.7992006671114227e-05, "data_time": 0.006554961204528809, "loss": 1.6874829798936843, "decode.loss_ce": 1.6874829798936843, "decode.acc_seg": 66.984130859375, "time": 0.12804157733917237, "iter": 1200, "memory": 643, "step": 1200}
{"base_lr": 4.999333889259521e-05, "lr": 4.999333889259521e-05, "data_time": 0.006325197219848633, "loss": 1.5453817129135132, "decode.loss_ce": 1.5453817129135132, "decode.acc_seg": 5.2085800950063543e-11, "time": 0.12745723724365235, "iter": 1250, "memory": 643, "step": 1250}
{"base_lr": 5.199467111407618e-05, "lr": 5.199467111407618e-05, "data_time": 0.00621647834777832, "loss": 1.5685045182704926, "decode.loss_ce": 1.5685045182704926, "decode.acc_seg": 27.946090698242188, "time": 0.12416214942932129, "iter": 1300, "memory": 643, "step": 1300}
{"base_lr": 5.399600333555716e-05, "lr": 5.399600333555716e-05, "data_time": 0.00640411376953125, "loss": 1.6773119926452638, "decode.loss_ce": 1.6773119926452638, "decode.acc_seg": 77.98919677734375, "time": 0.12928330898284912, "iter": 1350, "memory": 643, "step": 1350}
{"base_lr": 5.599733555703817e-05, "lr": 5.599733555703817e-05, "data_time": 0.006143903732299805, "loss": 1.7483592689037324, "decode.loss_ce": 1.7483592689037324, "decode.acc_seg": 25.077056884765625, "time": 0.12403888702392578, "iter": 1400, "memory": 643, "step": 1400}
{"base_lr": 5.799866777851912e-05, "lr": 5.799866777851912e-05, "data_time": 0.006106233596801758, "loss": 1.5573995046317577, "decode.loss_ce": 1.5573995046317577, "decode.acc_seg": 22.767257690429688, "time": 0.12288100719451904, "iter": 1450, "memory": 643, "step": 1450}
{"base_lr": 6.000000000000008e-05, "lr": 6.000000000000008e-05,