{"base_lr": 5.449245736566189e-05, "lr": 5.449245736566189e-05, "data_time": 0.35108845233917235, "loss": 0.708224219083786, "decode.loss_ce": 0.708224219083786, "decode.acc_seg": 71.04263305664062, "time": 0.45659499168395995, "iter": 16050, "memory": 1857, "step": 16050}
{"base_lr": 5.4473529801450186e-05, "lr": 5.4473529801450186e-05, "data_time": 0.4148867130279541, "loss": 0.4791392177343369, "decode.loss_ce": 0.4791392177343369, "decode.acc_seg": 82.59477233886719, "time": 0.5205260276794433, "iter": 16100, "memory": 1857, "step": 16100}
{"base_lr": 5.445460223723843e-05, "lr": 5.445460223723843e-05, "data_time": 0.37301585674285886, "loss": 0.7852332830429077, "decode.loss_ce": 0.7852332830429077, "decode.acc_seg": 95.60580444335938, "time": 0.47688889503479004, "iter": 16150, "memory": 1857, "step": 16150}
{"base_lr": 5.443567467302666e-05, "lr": 5.443567467302666e-05, "data_time": 0.35266885757446287, "loss": 0.8240945369005204, "decode.loss_ce": 0.8240945369005204, "decode.acc_seg": 85.38093566894531, "time": 0.4575632333755493, "iter": 16200, "memory": 1857, "step": 16200}
{"base_lr": 5.441674710881492e-05, "lr": 5.441674710881492e-05, "data_time": 0.3835588932037354, "loss": 0.9199900805950165, "decode.loss_ce": 0.9199900805950165, "decode.acc_seg": 57.24782943725586, "time": 0.490959906578064, "iter": 16250, "memory": 1857, "step": 16250}
{"base_lr": 5.439781954460318e-05, "lr": 5.439781954460318e-05, "data_time": 0.370295786857605, "loss": 0.9652940034866333, "decode.loss_ce": 0.9652940034866333, "decode.acc_seg": 77.00665283203125, "time": 0.47535569667816163, "iter": 16300, "memory": 1857, "step": 16300}
{"base_lr": 5.437889198039141e-05, "lr": 5.437889198039141e-05, "data_time": 0.3741839647293091, "loss": 0.9524664640426636, "decode.loss_ce": 0.9524664640426636, "decode.acc_seg": 46.623802185058594, "time": 0.47979304790496824, "iter": 16350, "memory": 1857, "step": 16350}
{"base_lr": 5.435996441617965e-05, "lr": 5.435996441617965e-05, "data_time": 0.3693020582199097, "loss": 0.7873533844947815, "decode.loss_ce": 0.7873533844947815, "decode.acc_seg": 61.79741287231445, "time": 0.47347095012664797, "iter": 16400, "memory": 1857, "step": 16400}
{"base_lr": 5.4341036851967936e-05, "lr": 5.4341036851967936e-05, "data_time": 0.3948210716247559, "loss": 0.7477021813392639, "decode.loss_ce": 0.7477021813392639, "decode.acc_seg": 79.63761901855469, "time": 0.49932208061218264, "iter": 16450, "memory": 1857, "step": 16450}
{"base_lr": 5.432210928775623e-05, "lr": 5.432210928775623e-05, "data_time": 0.391005277633667, "loss": 0.7598331660032273, "decode.loss_ce": 0.7598331660032273, "decode.acc_seg": 76.98116302490234, "time": 0.4993818521499634, "iter": 16500, "memory": 1857, "step": 16500}
{"base_lr": 5.430318172354448e-05, "lr": 5.430318172354448e-05, "data_time": 0.3676884651184082, "loss": 0.9826533168554306, "decode.loss_ce": 0.9826533168554306, "decode.acc_seg": 86.62548065185547, "time": 0.47504496574401855, "iter": 16550, "memory": 1857, "step": 16550}
{"base_lr": 5.428425415933274e-05, "lr": 5.428425415933274e-05, "data_time": 0.37956748008728025, "loss": 0.769920089840889, "decode.loss_ce": 0.769920089840889, "decode.acc_seg": 86.94143676757812, "time": 0.486933970451355, "iter": 16600, "memory": 1857, "step": 16600}
{"base_lr": 5.4265326595120986e-05, "lr": 5.4265326595120986e-05, "data_time": 0.35706543922424316, "loss": 0.8284870266914368, "decode.loss_ce": 0.8284870266914368, "decode.acc_seg": 79.72640991210938, "time": 0.4639021635055542, "iter": 16650, "memory": 1857, "step": 16650}
{"base_lr": 5.4246399030909215e-05, "lr": 5.4246399030909215e-05, "data_time": 0.3979053497314453, "loss": 0.8115151315927506, "decode.loss_ce": 0.8115151315927506, "decode.acc_seg": 70.01361846923828, "time": 0.5053769826889039, "iter": 16700, "memory": 1857, "step": 16700}
{"base_lr": 5.422747146669743e-05, "lr": 5.422747146669743e-05, "data_time": 0.35115785598754884, "loss": 0.8457896471023559, "decode.loss_ce": 0.8457896471023559, "decode.acc_seg": 62.143516540527344, "time": 0.4588477373123169, "iter": 16750, "memory": 1857, "step": 16750}
{"base_lr": 5.420854390248566e-05, "lr": 5.420854390248566e-05, "data_time": 0.3789351463317871, "loss": 0.6807591915130615, "decode.loss_ce": 0.6807591915130615, "decode.acc_seg": 64.32247924804688, "time": 0.48601295948028567, "iter": 16800, "memory": 1857, "step": 16800}
{"base_lr": 5.418961633827393e-05, "lr": 5.418961633827393e-05, "data_time": 0.34582881927490233, "loss": 0.6221716314554214, "decode.loss_ce": 0.6221716314554214, "decode.acc_seg": 77.8165512084961, "time": 0.4506693363189697, "iter": 16850, "memory": 1857, "step": 16850}
{"base_lr": 5.4170688774062184e-05, "lr": 5.4170688774062184e-05, "data_time": 0.3775520086288452, "loss": 0.6774486660957336, "decode.loss_ce": 0.6774486660957336, "decode.acc_seg": 83.74187469482422, "time": 0.4827603340148926, "iter": 16900, "memory": 1857, "step": 16900}
{"base_lr": 5.4151761209850426e-05, "lr": 5.4151761209850426e-05, "data_time": 0.3756790399551392, "loss": 0.7629473358392715, "decode.loss_ce": 0.7629473358392715, "decode.acc_seg": 83.31572723388672, "time": 0.4816887617111206, "iter": 16950, "memory": 1857, "step": 16950}
{"base_lr": 5.4132833645638675e-05, "lr": 5.4132833645638675e-05, "data_time": 0.3403655529022217, "loss": 0.5957404240965843, "decode.loss_ce": 0.5957404240965843, "decode.acc_seg": 89.75439453125, "time": 0.44534831047058104, "iter": 17000, "memory": 1857, "step": 17000}
{"base_lr": 5.411390608142689e-05, "lr": 5.411390608142689e-05, "data_time": 0.3717067241668701, "loss": 1.030299538373947, "decode.loss_ce": 1.030299538373947, "decode.acc_seg": 74.58004760742188, "time": 0.4761901617050171, "iter": 17050, "memory": 1857, "step": 17050}
{"base_lr": 5.4094978517215105e-05, "lr": 5.4094978517215105e-05, "data_time": 0.373100733757019, "loss": 0.6707060828804969, "decode.loss_ce": 0.6707060828804969, "decode.acc_seg": 72.58183288574219, "time": 0.47818167209625245, "iter": 17100, "memory": 1857, "step": 17100}
{"base_lr": 5.407605095300337e-05, "lr": 5.407605095300337e-05, "data_time": 0.33994302749633787, "loss": 0.6498662769794464, "decode.loss_ce": 0.6498662769794464, "decode.acc_seg": 68.58024597167969, "time": 0.44432213306427004, "iter": 17150, "memory": 1857, "step": 17150}
{"base_lr": 5.405712338879163e-05, "lr": 5.405712338879163e-05, "data_time": 0.3661039352416992, "loss": 0.6454847455024719, "decode.loss_ce": 0.6454847455024719, "decode.acc_seg": 84.89917755126953, "time": 0.47120985984802244, "iter": 17200, "memory": 1857, "step": 17200}
{"base_lr": 5.403819582457991e-05, "lr": 5.403819582457991e-05, "data_time": 0.36521408557891843, "loss": 0.8128518536686897, "decode.loss_ce": 0.8128518536686897, "decode.acc_seg": 63.33122253417969, "time": 0.4697927474975586, "iter": 17250, "memory": 1857, "step": 17250}
{"base_lr": 5.4019268260368176e-05, "lr": 5.4019268260368176e-05, "data_time": 0.38792550563812256, "loss": 0.7980015426874161, "decode.loss_ce": 0.7980015426874161, "decode.acc_seg": 61.77692413330078, "time": 0.4926213026046753, "iter": 17300, "memory": 1857, "step": 17300}
{"base_lr": 5.4000340696156425e-05, "lr": 5.4000340696156425e-05, "data_time": 0.37124035358428953, "loss": 0.7524185329675674, "decode.loss_ce": 0.7524185329675674, "decode.acc_seg": 91.89694213867188, "time": 0.4761642932891846, "iter": 17350, "memory": 1857, "step": 17350}
{"base_lr": 5.398141313194466e-05, "lr": 5.398141313194466e-05, "data_time": 0.35270466804504397, "loss": 0.8480477601289749, "decode.loss_ce": 0.8480477601289749, "decode.acc_seg": 82.89375305175781, "time": 0.45693192481994627, "iter": 17400, "memory": 1857, "step": 17400}
{"base_lr": 5.3962485567732875e-05, "lr": 5.3962485567732875e-05, "data_time": 0.3539970636367798, "loss": 0.6770370617508888, "decode.loss_ce": 0.6770370617508888, "decode.acc_seg": 63.149356842041016, "time": 0.4585129261016846, "iter": 17450, "memory": 1857,