{"base_lr": 1.9613655770513682e-06, "lr": 1.9613655770513682e-06, "data_time": 0.006654858589172363, "loss": 4.152041339874268, "decode.loss_ce": 4.152041339874268, "decode.acc_seg": 1.4705181121826172, "time": 0.4136151552200317, "iter": 50, "memory": 2182, "step": 50}
{"base_lr": 3.962697798532355e-06, "lr": 3.962697798532355e-06, "data_time": 0.31455273628234864, "loss": 4.298395276069641, "decode.loss_ce": 4.298395276069641, "decode.acc_seg": 8.704185485839844, "time": 0.6762534141540527, "iter": 100, "memory": 2182, "step": 100}
{"base_lr": 5.964030020013346e-06, "lr": 5.964030020013346e-06, "data_time": 0.00618736743927002, "loss": 4.045263433456421, "decode.loss_ce": 4.045263433456421, "decode.acc_seg": 25.82671546936035, "time": 0.40660121440887453, "iter": 150, "memory": 2182, "step": 150}
{"base_lr": 7.965362241494336e-06, "lr": 7.965362241494336e-06, "data_time": 0.006131434440612793, "loss": 3.235756206512451, "decode.loss_ce": 3.235756206512451, "decode.acc_seg": 76.6489028930664, "time": 0.4003662109375, "iter": 200, "memory": 2182, "step": 200}
{"base_lr": 9.96669446297533e-06, "lr": 9.96669446297533e-06, "data_time": 0.200134015083313, "loss": 2.6438623666763306, "decode.loss_ce": 2.6438623666763306, "decode.acc_seg": 35.08501434326172, "time": 0.5854059219360351, "iter": 250, "memory": 2182, "step": 250}
{"base_lr": 1.1968026684456319e-05, "lr": 1.1968026684456319e-05, "data_time": 0.007302498817443848, "loss": 2.0867227911949158, "decode.loss_ce": 2.0867227911949158, "decode.acc_seg": 53.39830017089844, "time": 0.3998739719390869, "iter": 300, "memory": 2181, "step": 300}
{"base_lr": 1.3969358905937323e-05, "lr": 1.3969358905937323e-05, "data_time": 0.0064263582229614254, "loss": 2.0686517000198363, "decode.loss_ce": 2.0686517000198363, "decode.acc_seg": 53.60145568847656, "time": 0.3889312267303467, "iter": 350, "memory": 2181, "step": 350}
{"base_lr": 1.597069112741831e-05, "lr": 1.597069112741831e-05, "data_time": 0.31769280433654784, "loss": 1.5473708152770995, "decode.loss_ce": 1.5473708152770995, "decode.acc_seg": 67.8128433227539, "time": 0.6591922760009765, "iter": 400, "memory": 2182, "step": 400}
{"base_lr": 1.797202334889931e-05, "lr": 1.797202334889931e-05, "data_time": 0.00637056827545166, "loss": 1.3589444875717163, "decode.loss_ce": 1.3589444875717163, "decode.acc_seg": 29.927471160888672, "time": 0.3916249990463257, "iter": 450, "memory": 2181, "step": 450}
{"base_lr": 1.9973355570380306e-05, "lr": 1.9973355570380306e-05, "data_time": 0.006151533126831055, "loss": 1.3025383591651916, "decode.loss_ce": 1.3025383591651916, "decode.acc_seg": 40.946720123291016, "time": 0.4180235624313354, "iter": 500, "memory": 2181, "step": 500}
{"base_lr": 2.1974687791861306e-05, "lr": 2.1974687791861306e-05, "data_time": 0.33851816654205324, "loss": 1.217162197828293, "decode.loss_ce": 1.217162197828293, "decode.acc_seg": 45.40882873535156, "time": 0.7212094306945801, "iter": 550, "memory": 2181, "step": 550}
{"base_lr": 2.3976020013342307e-05, "lr": 2.3976020013342307e-05, "data_time": 0.0058177471160888675, "loss": 1.1181224226951598, "decode.loss_ce": 1.1181224226951598, "decode.acc_seg": 53.19862365722656, "time": 0.44316883087158204, "iter": 600, "memory": 2182, "step": 600}
{"base_lr": 2.597735223482329e-05, "lr": 2.597735223482329e-05, "data_time": 0.006589174270629883, "loss": 0.9346660137176513, "decode.loss_ce": 0.9346660137176513, "decode.acc_seg": 68.15338134765625, "time": 0.42299413681030273, "iter": 650, "memory": 2182, "step": 650}
{"base_lr": 2.797868445630428e-05, "lr": 2.797868445630428e-05, "data_time": 0.00620262622833252, "loss": 1.058415526151657, "decode.loss_ce": 1.058415526151657, "decode.acc_seg": 72.40371704101562, "time": 0.42885124683380127, "iter": 700, "memory": 2182, "step": 700}
{"base_lr": 2.99800166777853e-05, "lr": 2.99800166777853e-05, "data_time": 0.007376623153686523, "loss": 1.0165171444416046, "decode.loss_ce": 1.0165171444416046, "decode.acc_seg": 82.36527252197266, "time": 0.4393456220626831, "iter": 750, "memory": 2181, "step": 750}
{"base_lr": 3.1981348899266314e-05, "lr": 3.1981348899266314e-05, "data_time": 0.005647516250610352, "loss": 0.8092504918575287, "decode.loss_ce": 0.8092504918575287, "decode.acc_seg": 73.62776184082031, "time": 0.4453504800796509, "iter": 800, "memory": 2182, "step": 800}
{"base_lr": 3.398268112074729e-05, "lr": 3.398268112074729e-05, "data_time": 0.006342101097106934, "loss": 1.0717661470174789, "decode.loss_ce": 1.0717661470174789, "decode.acc_seg": 72.23484802246094, "time": 0.4430523157119751, "iter": 850, "memory": 2182, "step": 850}
{"base_lr": 3.5984013342228235e-05, "lr": 3.5984013342228235e-05, "data_time": 0.006543207168579102, "loss": 0.7835926741361618, "decode.loss_ce": 0.7835926741361618, "decode.acc_seg": 65.46514892578125, "time": 0.44102580547332765, "iter": 900, "memory": 2182, "step": 900}
{"base_lr": 3.7985345563709256e-05, "lr": 3.7985345563709256e-05, "data_time": 0.0062626123428344725, "loss": 0.9917080163955688, "decode.loss_ce": 0.9917080163955688, "decode.acc_seg": 90.06600952148438, "time": 0.4258131742477417, "iter": 950, "memory": 2182, "step": 950}
{"base_lr": 3.998667778519025e-05, "lr": 3.998667778519025e-05, "data_time": 0.006376028060913086, "loss": 0.7292681068181992, "decode.loss_ce": 0.7292681068181992, "decode.acc_seg": 77.06759643554688, "time": 0.4245356798171997, "iter": 1000, "memory": 2182, "step": 1000}
{"base_lr": 4.198801000667124e-05, "lr": 4.198801000667124e-05, "data_time": 0.005795907974243164, "loss": 0.83498974442482, "decode.loss_ce": 0.83498974442482, "decode.acc_seg": 57.69824981689453, "time": 0.42847867012023927, "iter": 1050, "memory": 2181, "step": 1050}
{"base_lr": 4.398934222815225e-05, "lr": 4.398934222815225e-05, "data_time": 0.005836749076843261, "loss": 0.8006972372531891, "decode.loss_ce": 0.8006972372531891, "decode.acc_seg": 31.59027099609375, "time": 0.4399803876876831, "iter": 1100, "memory": 2182, "step": 1100}
{"base_lr": 4.599067444963324e-05, "lr": 4.599067444963324e-05, "data_time": 0.00756223201751709, "loss": 0.8430378407239913, "decode.loss_ce": 0.8430378407239913, "decode.acc_seg": 18.96181297302246, "time": 0.44285082817077637, "iter": 1150, "memory": 2182, "step": 1150}
{"base_lr": 4.7992006671114227e-05, "lr": 4.7992006671114227e-05, "data_time": 0.005496835708618164, "loss": 1.1047351479530334, "decode.loss_ce": 1.1047351479530334, "decode.acc_seg": 71.19693756103516, "time": 0.4446413516998291, "iter": 1200, "memory": 2181, "step": 1200}
{"base_lr": 4.999333889259521e-05, "lr": 4.999333889259521e-05, "data_time": 0.1993549346923828, "loss": 0.7989231705665588, "decode.loss_ce": 0.7989231705665588, "decode.acc_seg": 98.27592468261719, "time": 0.6367811918258667, "iter": 1250, "memory": 2182, "step": 1250}
{"base_lr": 5.199467111407618e-05, "lr": 5.199467111407618e-05, "data_time": 0.006023478507995605, "loss": 0.8744642958045006, "decode.loss_ce": 0.8744642958045006, "decode.acc_seg": 81.4762191772461, "time": 0.44637560844421387, "iter": 1300, "memory": 2182, "step": 1300}
{"base_lr": 5.399600333555716e-05, "lr": 5.399600333555716e-05, "data_time": 0.0058901309967041016, "loss": 0.862540927529335, "decode.loss_ce": 0.862540927529335, "decode.acc_seg": 73.28797912597656, "time": 0.44291718006134034, "iter": 1350, "memory": 2182, "step": 1350}
{"base_lr": 5.599733555703817e-05, "lr": 5.599733555703817e-05, "data_time": 0.3260617256164551, "loss": 0.7763826377689839, "decode.loss_ce": 0.7763826377689839, "decode.acc_seg": 72.9120101928711, "time": 0.7354427814483643, "iter": 1400, "memory": 2181, "step": 1400}
{"base_lr": 5.799866777851912e-05, "lr": 5.799866777851912e-05, "data_time": 0.005668520927429199, "loss": 0.8230219699442387, "decode.loss_ce": 0.8230219699442387, "decode.acc_seg": 98.83309173583984, "time": 0.43082284927368164, "iter": 1450, "memory": 2181, "step": 1450}
{"base_lr": 6.000000000000008e-05, "lr": 6.000000000000008e-05, "data_time": 0.007937908172607422,