{"base_lr": 3.962697798532355e-06, "lr": 3.962697798532355e-06, "data_time": 0.006961417198181152, "loss": 4.118738651275635, "decode.loss_ce": 4.118738651275635, "decode.acc_seg": 13.635045051574707, "time": 0.3214874267578125, "iter": 100, "memory": 8120, "step": 100}
{"base_lr": 7.965362241494336e-06, "lr": 7.965362241494336e-06, "data_time": 0.007037353515625, "loss": 3.5586100578308106, "decode.loss_ce": 3.5586100578308106, "decode.acc_seg": 22.22469711303711, "time": 0.32884218692779543, "iter": 200, "memory": 8004, "step": 200}
{"base_lr": 1.1968026684456319e-05, "lr": 1.1968026684456319e-05, "data_time": 0.006843876838684082, "loss": 2.87491979598999, "decode.loss_ce": 2.87491979598999, "decode.acc_seg": 19.86656379699707, "time": 0.3298534870147705, "iter": 300, "memory": 8004, "step": 300}
{"base_lr": 1.597069112741831e-05, "lr": 1.597069112741831e-05, "data_time": 0.007276678085327148, "loss": 2.6997198820114137, "decode.loss_ce": 2.6997198820114137, "decode.acc_seg": 11.90097427368164, "time": 0.3519537925720215, "iter": 400, "memory": 8004, "step": 400}
{"base_lr": 1.9973355570380306e-05, "lr": 1.9973355570380306e-05, "data_time": 0.007331275939941406, "loss": 2.610161876678467, "decode.loss_ce": 2.610161876678467, "decode.acc_seg": 26.085527420043945, "time": 0.3415936231613159, "iter": 500, "memory": 8004, "step": 500}
{"base_lr": 2.3976020013342307e-05, "lr": 2.3976020013342307e-05, "data_time": 0.007372665405273438, "loss": 2.5179059505462646, "decode.loss_ce": 2.5179059505462646, "decode.acc_seg": 26.9434757232666, "time": 0.3335392475128174, "iter": 600, "memory": 8004, "step": 600}
{"base_lr": 2.797868445630428e-05, "lr": 2.797868445630428e-05, "data_time": 0.0072449445724487305, "loss": 1.9730889678001404, "decode.loss_ce": 1.9730889678001404, "decode.acc_seg": 38.75936508178711, "time": 0.30502679347991946, "iter": 700, "memory": 8004, "step": 700}
{"base_lr": 3.1981348899266314e-05, "lr": 3.1981348899266314e-05, "data_time": 0.007164788246154785, "loss": 2.0459391951560972, "decode.loss_ce": 2.0459391951560972, "decode.acc_seg": 45.67105484008789, "time": 0.3067359209060669, "iter": 800, "memory": 8005, "step": 800}
{"base_lr": 3.5984013342228235e-05, "lr": 3.5984013342228235e-05, "data_time": 0.007367777824401856, "loss": 2.019075071811676, "decode.loss_ce": 2.019075071811676, "decode.acc_seg": 42.600772857666016, "time": 0.3036463737487793, "iter": 900, "memory": 8004, "step": 900}
{"base_lr": 3.998667778519025e-05, "lr": 3.998667778519025e-05, "data_time": 0.007283687591552734, "loss": 1.8969663619995116, "decode.loss_ce": 1.8969663619995116, "decode.acc_seg": 46.93403244018555, "time": 0.3052810192108154, "iter": 1000, "memory": 8004, "step": 1000}
{"base_lr": 4.398934222815225e-05, "lr": 4.398934222815225e-05, "data_time": 0.007442569732666016, "loss": 1.517454993724823, "decode.loss_ce": 1.517454993724823, "decode.acc_seg": 47.4458122253418, "time": 0.3310314416885376, "iter": 1100, "memory": 8004, "step": 1100}
{"base_lr": 4.7992006671114227e-05, "lr": 4.7992006671114227e-05, "data_time": 0.006944799423217773, "loss": 1.4810078263282775, "decode.loss_ce": 1.4810078263282775, "decode.acc_seg": 44.330684661865234, "time": 0.3262044668197632, "iter": 1200, "memory": 8004, "step": 1200}
