{"aAcc": 87.57, "mIoU": 70.19, "mAcc": 81.92, "data_time": 0.15207448047874247, "time": 1.4504729688695046}