{"base_lr": 1.9613655770513682e-06, "lr": 1.9613655770513682e-06, "data_time": 0.12667434215545653, "loss": 2.2971357464790345, "decode.loss_ce": 2.2971357464790345, "decode.acc_seg": 13.162803649902344, "time": 0.2604503631591797, "iter": 50, "memory": 2257, "step": 50}
{"base_lr": 3.962697798532355e-06, "lr": 3.962697798532355e-06, "data_time": 0.11211333274841309, "loss": 2.2074015617370604, "decode.loss_ce": 2.2074015617370604, "decode.acc_seg": 28.115272521972656, "time": 0.24766788482666016, "iter": 100, "memory": 2254, "step": 100}
{"base_lr": 5.964030020013346e-06, "lr": 5.964030020013346e-06, "data_time": 0.12533295154571533, "loss": 2.082694447040558, "decode.loss_ce": 2.082694447040558, "decode.acc_seg": 58.08982849121094, "time": 0.2607292890548706, "iter": 150, "memory": 2254, "step": 150}
{"base_lr": 7.965362241494336e-06, "lr": 7.965362241494336e-06, "data_time": 0.10661683082580567, "loss": 2.0324880361557005, "decode.loss_ce": 2.0324880361557005, "decode.acc_seg": 0.00514984130859375, "time": 0.24158098697662353, "iter": 200, "memory": 2254, "step": 200}
{"base_lr": 9.96669446297533e-06, "lr": 9.96669446297533e-06, "data_time": 0.12267518043518066, "loss": 1.984979772567749, "decode.loss_ce": 1.984979772567749, "decode.acc_seg": 5.023865699768066, "time": 0.2647985935211182, "iter": 250, "memory": 2254, "step": 250}
{"base_lr": 1.1968026684456319e-05, "lr": 1.1968026684456319e-05, "data_time": 0.1140449047088623, "loss": 1.6845231175422668, "decode.loss_ce": 1.6845231175422668, "decode.acc_seg": 34.82036590576172, "time": 0.26848797798156737, "iter": 300, "memory": 2254, "step": 300}
{"base_lr": 1.3969358905937323e-05, "lr": 1.3969358905937323e-05, "data_time": 0.10087845325469971, "loss": 1.6238663733005523, "decode.loss_ce": 1.6238663733005523, "decode.acc_seg": 27.125167846679688, "time": 0.26327335834503174, "iter": 350, "memory": 2254, "step": 350}
{"base_lr": 1.597069112741831e-05, "lr": 1.597069112741831e-05, "data_time": 0.09706082344055175, "loss": 1.7299101114273072, "decode.loss_ce": 1.7299101114273072, "decode.acc_seg": 58.985328674316406, "time": 0.25759360790252683, "iter": 400, "memory": 2254, "step": 400}
{"base_lr": 1.797202334889931e-05, "lr": 1.797202334889931e-05, "data_time": 0.0898287057876587, "loss": 1.453934472799301, "decode.loss_ce": 1.453934472799301, "decode.acc_seg": 80.99727630615234, "time": 0.24719085693359374, "iter": 450, "memory": 2254, "step": 450}
{"base_lr": 1.9973355570380306e-05, "lr": 1.9973355570380306e-05, "data_time": 0.13267908096313477, "loss": 1.5253903985023498, "decode.loss_ce": 1.5253903985023498, "decode.acc_seg": 17.63083267211914, "time": 0.2687195301055908, "iter": 500, "memory": 2254, "step": 500}
{"base_lr": 2.1974687791861306e-05, "lr": 2.1974687791861306e-05, "data_time": 0.11321630477905273, "loss": 1.3462583124637604, "decode.loss_ce": 1.3462583124637604, "decode.acc_seg": 41.832061767578125, "time": 0.24900190830230712, "iter": 550, "memory": 2254, "step": 550}
{"base_lr": 2.3976020013342307e-05, "lr": 2.3976020013342307e-05, "data_time": 0.11850714683532715, "loss": 1.5649338126182557, "decode.loss_ce": 1.5649338126182557, "decode.acc_seg": 75.74119567871094, "time": 0.25539708137512207, "iter": 600, "memory": 2254, "step": 600}
{"base_lr": 2.597735223482329e-05, "lr": 2.597735223482329e-05, "data_time": 0.11475937366485596, "loss": 1.4400306284427642, "decode.loss_ce": 1.4400306284427642, "decode.acc_seg": 27.214813232421875, "time": 0.25050394535064696, "iter": 650, "memory": 2254, "step": 650}
{"base_lr": 2.797868445630428e-05, "lr": 2.797868445630428e-05, "data_time": 0.12093708515167237, "loss": 1.3642674386501312, "decode.loss_ce": 1.3642674386501312, "decode.acc_seg": 5.3836822509765625, "time": 0.2528680324554443, "iter": 700, "memory": 2254, "step": 700}
{"base_lr": 2.99800166777853e-05, "lr": 2.99800166777853e-05, "data_time": 0.14997777938842774, "loss": 1.151049017906189, "decode.loss_ce": 1.151049017906189, "decode.acc_seg": 50.2655029296875, "time": 0.2833686113357544, "iter": 750, "memory": 2254, "step": 750}
{"base_lr": 3.1981348899266314e-05, "lr": 3.1981348899266314e-05, "data_time": 0.12545473575592042, "loss": 1.3729165554046632, "decode.loss_ce": 1.3729165554046632, "decode.acc_seg": 57.26203918457031, "time": 0.26225709915161133, "iter": 800, "memory": 2254, "step": 800}
{"base_lr": 3.398268112074729e-05, "lr": 3.398268112074729e-05, "data_time": 0.11988701820373535, "loss": 1.5242710411548615, "decode.loss_ce": 1.5242710411548615, "decode.acc_seg": 40.554779052734375, "time": 0.25759115219116213, "iter": 850, "memory": 2254, "step": 850}
{"base_lr": 3.5984013342228235e-05, "lr": 3.5984013342228235e-05, "data_time": 0.10993587970733643, "loss": 1.0894423127174377, "decode.loss_ce": 1.0894423127174377, "decode.acc_seg": 46.833805084228516, "time": 0.25153958797454834, "iter": 900, "memory": 2254, "step": 900}
{"base_lr": 3.7985345563709256e-05, "lr": 3.7985345563709256e-05, "data_time": 0.13526551723480223, "loss": 1.3403167963027953, "decode.loss_ce": 1.3403167963027953, "decode.acc_seg": 49.55239486694336, "time": 0.2717224359512329, "iter": 950, "memory": 2254, "step": 950}
{"base_lr": 3.998667778519025e-05, "lr": 3.998667778519025e-05, "data_time": 0.10616042613983154, "loss": 1.534510350227356, "decode.loss_ce": 1.534510350227356, "decode.acc_seg": 50.23689270019531, "time": 0.242539119720459, "iter": 1000, "memory": 2254, "step": 1000}
{"base_lr": 4.198801000667124e-05, "lr": 4.198801000667124e-05, "data_time": 0.1206270694732666, "loss": 1.1474699318408965, "decode.loss_ce": 1.1474699318408965, "decode.acc_seg": 80.18741607666016, "time": 0.2561104536056519, "iter": 1050, "memory": 2254, "step": 1050}
{"base_lr": 4.398934222815225e-05, "lr": 4.398934222815225e-05, "data_time": 0.08263216018676758, "loss": 1.305103200674057, "decode.loss_ce": 1.305103200674057, "decode.acc_seg": 55.3357048034668, "time": 0.21690936088562013, "iter": 1100, "memory": 2254, "step": 1100}
{"base_lr": 4.599067444963324e-05, "lr": 4.599067444963324e-05, "data_time": 0.11513135433197022, "loss": 1.1122470557689668, "decode.loss_ce": 1.1122470557689668, "decode.acc_seg": 22.791099548339844, "time": 0.24914965629577637, "iter": 1150, "memory": 2254, "step": 1150}
{"base_lr": 4.7992006671114227e-05, "lr": 4.7992006671114227e-05, "data_time": 0.11766514778137208, "loss": 1.027658426761627, "decode.loss_ce": 1.027658426761627, "decode.acc_seg": 88.10062408447266, "time": 0.2552131175994873, "iter": 1200, "memory": 2254, "step": 1200}
{"base_lr": 4.999333889259521e-05, "lr": 4.999333889259521e-05, "data_time": 0.13507726192474365, "loss": 1.1515731990337372, "decode.loss_ce": 1.1515731990337372, "decode.acc_seg": 55.39817810058594, "time": 0.2716906309127808, "iter": 1250, "memory": 2254, "step": 1250}
{"base_lr": 5.199467111407618e-05, "lr": 5.199467111407618e-05, "data_time": 0.12104072570800781, "loss": 1.2441670298576355, "decode.loss_ce": 1.2441670298576355, "decode.acc_seg": 54.015159606933594, "time": 0.25524609088897704, "iter": 1300, "memory": 2254, "step": 1300}
