{"aAcc": 87.11, "mIoU": 72.34, "mAcc": 84.23, "data_time": 55.97616580327352, "time": 56.36578893343608}