{"base_lr": 1.9613655770513682e-06, "lr": 1.9613655770513682e-06, "data_time": 2.2868646383285522, "loss": 4.2143134593963625, "decode.loss_ce": 4.2143134593963625, "decode.acc_seg": 24.432449340820312, "time": 2.9154953002929687, "iter": 50, "memory": 9402, "step": 50}
{"base_lr": 3.962697798532355e-06, "lr": 3.962697798532355e-06, "data_time": 2.1388028383255007, "loss": 3.8562801837921143, "decode.loss_ce": 3.8562801837921143, "decode.acc_seg": 22.54703712463379, "time": 2.7195258140563965, "iter": 100, "memory": 9402, "step": 100}
{"base_lr": 5.964030020013346e-06, "lr": 5.964030020013346e-06, "data_time": 2.1924601554870606, "loss": 3.0512786388397215, "decode.loss_ce": 3.0512786388397215, "decode.acc_seg": 19.869686126708984, "time": 2.8352985620498656, "iter": 150, "memory": 9402, "step": 150}
