{"base_lr": 1.9613655770513682e-06, "lr": 1.9613655770513682e-06, "data_time": 0.14763915538787842, "loss": 2.323855447769165, "decode.loss_ce": 2.323855447769165, "decode.acc_seg": 4.291534423828125, "time": 0.23833017349243163, "iter": 50, "memory": 960, "step": 50}
{"base_lr": 3.962697798532355e-06, "lr": 3.962697798532355e-06, "data_time": 0.17713844776153564, "loss": 2.186994159221649, "decode.loss_ce": 2.186994159221649, "decode.acc_seg": 23.235790252685547, "time": 0.25134735107421874, "iter": 100, "memory": 960, "step": 100}
{"base_lr": 5.964030020013346e-06, "lr": 5.964030020013346e-06, "data_time": 0.16235716342926027, "loss": 2.081046664714813, "decode.loss_ce": 2.081046664714813, "decode.acc_seg": 19.84081268310547, "time": 0.23782472610473632, "iter": 150, "memory": 960, "step": 150}
{"base_lr": 7.965362241494336e-06, "lr": 7.965362241494336e-06, "data_time": 0.16249387264251708, "loss": 1.8612497925758362, "decode.loss_ce": 1.8612497925758362, "decode.acc_seg": 52.14118957519531, "time": 0.2395430326461792, "iter": 200, "memory": 960, "step": 200}
{"base_lr": 9.96669446297533e-06, "lr": 9.96669446297533e-06, "data_time": 0.16507210731506347, "loss": 1.8487629055976869, "decode.loss_ce": 1.8487629055976869, "decode.acc_seg": 66.96033477783203, "time": 0.24395782947540284, "iter": 250, "memory": 960, "step": 250}
{"base_lr": 1.1968026684456319e-05, "lr": 1.1968026684456319e-05, "data_time": 0.1756826162338257, "loss": 1.9607065796852112, "decode.loss_ce": 1.9607065796852112, "decode.acc_seg": 8.787345886230469, "time": 0.2533680200576782, "iter": 300, "memory": 960, "step": 300}
{"base_lr": 1.3969358905937323e-05, "lr": 1.3969358905937323e-05, "data_time": 0.1750321388244629, "loss": 1.7584758162498475, "decode.loss_ce": 1.7584758162498475, "decode.acc_seg": 4.235649108886719, "time": 0.2466522455215454, "iter": 350, "memory": 960, "step": 350}
{"base_lr": 1.597069112741831e-05, "lr": 1.597069112741831e-05, "data_time": 0.16668438911437988, "loss": 1.4649801015853883, "decode.loss_ce": 1.4649801015853883, "decode.acc_seg": 65.05846405029297, "time": 0.23983726501464844, "iter": 400, "memory": 960, "step": 400}
{"base_lr": 1.797202334889931e-05, "lr": 1.797202334889931e-05, "data_time": 0.18489477634429932, "loss": 1.4192096710205078, "decode.loss_ce": 1.4192096710205078, "decode.acc_seg": 66.67900085449219, "time": 0.2581106901168823, "iter": 450, "memory": 960, "step": 450}
{"base_lr": 1.9973355570380306e-05, "lr": 1.9973355570380306e-05, "data_time": 0.1796501398086548, "loss": 1.7652620196342468, "decode.loss_ce": 1.7652620196342468, "decode.acc_seg": 14.728927612304688, "time": 0.2556295394897461, "iter": 500, "memory": 960, "step": 500}
{"base_lr": 2.1974687791861306e-05, "lr": 2.1974687791861306e-05, "data_time": 0.15984656810760497, "loss": 1.5521839022636414, "decode.loss_ce": 1.5521839022636414, "decode.acc_seg": 12.915802001953125, "time": 0.23013291358947754, "iter": 550, "memory": 960, "step": 550}
{"base_lr": 2.3976020013342307e-05, "lr": 2.3976020013342307e-05, "data_time": 0.16881120204925537, "loss": 1.562252700328827, "decode.loss_ce": 1.562252700328827, "decode.acc_seg": 47.23625183105469, "time": 0.2393937587738037, "iter": 600, "memory": 960, "step": 600}
{"base_lr": 2.597735223482329e-05, "lr": 2.597735223482329e-05, "data_time": 0.18292250633239746, "loss": 1.3099986910820007, "decode.loss_ce": 1.3099986910820007, "decode.acc_seg": 39.27459716796875, "time": 0.2535858154296875, "iter": 650, "memory": 960, "step": 650}
{"base_lr": 2.797868445630428e-05, "lr": 2.797868445630428e-05, "data_time": 0.1922297239303589, "loss": 1.4464493989944458, "decode.loss_ce": 1.4464493989944458, "decode.acc_seg": 84.2477798461914, "time": 0.262638521194458, "iter": 700, "memory": 960, "step": 700}
{"base_lr": 2.99800166777853e-05, "lr": 2.99800166777853e-05, "data_time": 0.15094058513641356, "loss": 1.5708316445350647, "decode.loss_ce": 1.5708316445350647, "decode.acc_seg": 63.72852325439453, "time": 0.2193063497543335, "iter": 750, "memory": 960, "step": 750}
