{"lr": 0.007270255068314977, "data_time": 0.0052700042724609375, "loss": 2.066758269071579, "decode.loss_ce": 1.4466057062149047, "decode.acc_seg": 44.1925048828125, "aux.loss_ce": 0.6201525777578354, "aux.acc_seg": 37.36152648925781, "time": 0.233903169631958, "iter": 12050, "memory": 18838, "step": 12050}
{"lr": 0.007258709796128212, "data_time": 0.005271053314208985, "loss": 1.9883896827697753, "decode.loss_ce": 1.4086246252059937, "decode.acc_seg": 45.985984802246094, "aux.loss_ce": 0.579765060544014, "aux.acc_seg": 58.84666442871094, "time": 0.23386404514312745, "iter": 12100, "memory": 3983, "step": 12100}
{"lr": 0.00724716245470969, "data_time": 0.0056247711181640625, "loss": 1.9699758529663085, "decode.loss_ce": 1.3972243070602417, "decode.acc_seg": 19.061660766601562, "aux.loss_ce": 0.5727515608072281, "aux.acc_seg": 20.038795471191406, "time": 0.2347787857055664, "iter": 12150, "memory": 3983, "step": 12150}
{"lr": 0.0072356130399725705, "data_time": 0.005464529991149903, "loss": 2.4833555817604065, "decode.loss_ce": 1.7614438772201537, "decode.acc_seg": 30.392837524414062, "aux.loss_ce": 0.7219117134809494, "aux.acc_seg": 41.916465759277344, "time": 0.23502602577209472, "iter": 12200, "memory": 3983, "step": 12200}
{"lr": 0.007224061547814593, "data_time": 0.00541982650756836, "loss": 1.9949667096138, "decode.loss_ce": 1.3829846024513244, "decode.acc_seg": 38.89350891113281, "aux.loss_ce": 0.6119821071624756, "aux.acc_seg": 45.416831970214844, "time": 0.2350367784500122, "iter": 12250, "memory": 3983, "step": 12250}
{"lr": 0.00721250797411798, "data_time": 0.005244135856628418, "loss": 1.704516887664795, "decode.loss_ce": 1.1564878284931184, "decode.acc_seg": 87.85890197753906, "aux.loss_ce": 0.5480290472507476, "aux.acc_seg": 62.597755432128906, "time": 0.2340313673019409, "iter": 12300, "memory": 3983, "step": 12300}
{"lr": 0.00720095231474933, "data_time": 0.005497050285339355, "loss": 1.79505352973938, "decode.loss_ce": 1.2409041941165924, "decode.acc_seg": 74.68280792236328, "aux.loss_ce": 0.5541493177413941, "aux.acc_seg": 32.36255645751953, "time": 0.2352445363998413, "iter": 12350, "memory": 3983, "step": 12350}
{"lr": 0.007189394565559545, "data_time": 0.00549628734588623, "loss": 2.320355463027954, "decode.loss_ce": 1.6292356967926025, "decode.acc_seg": 26.8035888671875, "aux.loss_ce": 0.6911197900772095, "aux.acc_seg": 19.564437866210938, "time": 0.23501379489898683, "iter": 12400, "memory": 3983, "step": 12400}
{"lr": 0.007177834722383745, "data_time": 0.005243325233459472, "loss": 2.0983724713325502, "decode.loss_ce": 1.4618776679039, "decode.acc_seg": 73.99959564208984, "aux.loss_ce": 0.6364947825670242, "aux.acc_seg": 68.94798278808594, "time": 0.2344902515411377, "iter": 12450, "memory": 3983, "step": 12450}
{"lr": 0.007166272781041182, "data_time": 0.005661439895629883, "loss": 2.0867661952972414, "decode.loss_ce": 1.4829948186874389, "decode.acc_seg": 68.84528350830078, "aux.loss_ce": 0.6037713706493377, "aux.acc_seg": 68.70227813720703, "time": 0.23541126251220704, "iter": 12500, "memory": 3983, "step": 12500}
{"lr": 0.007154708737335126, "data_time": 0.005619525909423828, "loss": 2.0882616996765138, "decode.loss_ce": 1.4753610372543335, "decode.acc_seg": 66.37229919433594, "aux.loss_ce": 0.6129006803035736, "aux.acc_seg": 37.976646423339844, "time": 0.23641512393951417, "iter": 12550, "memory": 3983, "step": 12550}
{"lr": 0.007143142587052807, "data_time": 0.0053682088851928714, "loss": 2.3250787019729615, "decode.loss_ce": 1.6313915073871612, "decode.acc_seg": 22.412490844726562, "aux.loss_ce": 0.6936871647834778, "aux.acc_seg": 9.262847900390625, "time": 0.23567597866058348, "iter": 12600, "memory": 3983, "step": 12600}
{"lr": 0.007131574325965313, "data_time": 0.005402231216430664, "loss": 1.9324052214622498, "decode.loss_ce": 1.3578145146369933, "decode.acc_seg": 42.847633361816406, "aux.loss_ce": 0.5745907157659531, "aux.acc_seg": 35.10169982910156, "time": 0.23545210361480712, "iter": 12650, "memory": 3983, "step": 12650}
{"lr": 0.007120003949827477, "data_time": 0.005515623092651367, "loss": 1.9563800573349, "decode.loss_ce": 1.3455039262771606, "decode.acc_seg": 90.40050506591797, "aux.loss_ce": 0.6108761399984359, "aux.acc_seg": 72.19619750976562, "time": 0.2355039358139038, "iter": 12700, "memory": 3983, "step": 12700}
{"lr": 0.007108431454377822, "data_time": 0.005437374114990234, "loss": 1.9429408073425294, "decode.loss_ce": 1.354649019241333, "decode.acc_seg": 50.06904602050781, "aux.loss_ce": 0.5882918059825897, "aux.acc_seg": 28.814125061035156, "time": 0.2353895425796509, "iter": 12750, "memory": 3983, "step": 12750}
{"lr": 0.007096856835338432, "data_time": 0.005467915534973144, "loss": 2.0808807611465454, "decode.loss_ce": 1.4839890956878663, "decode.acc_seg": 81.61125183105469, "aux.loss_ce": 0.5968916207551956, "aux.acc_seg": 75.82035064697266, "time": 0.23434555530548096, "iter": 12800, "memory": 3983, "step": 12800}
{"lr": 0.007085280088414895, "data_time": 0.0053314208984375, "loss": 2.03354811668396, "decode.loss_ce": 1.4147456645965577, "decode.acc_seg": 38.126564025878906, "aux.loss_ce": 0.618802410364151, "aux.acc_seg": 38.51585388183594, "time": 0.23440542221069335, "iter": 12850, "memory": 3983, "step": 12850}
{"lr": 0.007073701209296168, "data_time": 0.0053811311721801754, "loss": 2.141777181625366, "decode.loss_ce": 1.5226527988910674, "decode.acc_seg": 33.539390563964844, "aux.loss_ce": 0.6191243708133698, "aux.acc_seg": 37.30182647705078, "time": 0.23510382175445557, "iter": 12900, "memory": 3983, "step": 12900}
{"lr": 0.0070621201936545116, "data_time": 0.005207443237304687, "loss": 1.722898745536804, "decode.loss_ce": 1.21438108086586, "decode.acc_seg": 72.34420776367188, "aux.loss_ce": 0.508517649769783, "aux.acc_seg": 60.313987731933594, "time": 0.23446352481842042, "iter": 12950, "memory": 3983, "step": 12950}
{"lr": 0.007050537037145404, "data_time": 0.005273890495300293, "loss": 2.081351172924042, "decode.loss_ce": 1.469593358039856, "decode.acc_seg": 53.634517669677734, "aux.loss_ce": 0.6117577850818634, "aux.acc_seg": 52.9644889831543, "time": 0.23460371494293214, "iter": 13000, "memory": 3983, "step": 13000}
{"lr": 0.007038951735407397, "data_time": 0.005606269836425782, "loss": 2.3257508516311645, "decode.loss_ce": 1.6408573269844056, "decode.acc_seg": 40.00968933105469, "aux.loss_ce": 0.684893524646759, "aux.acc_seg": 27.764320373535156, "time": 0.23498182296752929, "iter": 13050, "memory": 3983, "step": 13050}
{"lr": 0.007027364284062055, "data_time": 0.00538029670715332, "loss": 1.9811217784881592, "decode.loss_ce": 1.3734391331672668, "decode.acc_seg": 53.791046142578125, "aux.loss_ce": 0.6076826632022858, "aux.acc_seg": 32.54718780517578, "time": 0.23494501113891603, "iter": 13100, "memory": 3983, "step": 13100}
{"lr": 0.00701577467871387, "data_time": 0.005313229560852051, "loss": 2.2281434774398803, "decode.loss_ce": 1.5565732181072236, "decode.acc_seg": 39.035797119140625, "aux.loss_ce": 0.6715702623128891, "aux.acc_seg": 26.47075653076172, "time": 0.23464591503143312, "iter": 13150, "memory": 3983, "step": 13150}
