{"aAcc": 88.44, "mIoU": 74.74, "mAcc": 85.52, "data_time": 109.49369549118312, "time": 109.95061422027318}