{"base_lr": 1.9613655770513682e-06, "lr": 1.9613655770513682e-06, "data_time": 0.010898828506469727, "loss": 2.3669474959373473, "decode.loss_ce": 2.3669474959373473, "decode.acc_seg": 0.768280029296875, "time": 0.6208455324172973, "iter": 50, "memory": 9301, "step": 50}
{"base_lr": 3.962697798532355e-06, "lr": 3.962697798532355e-06, "data_time": 0.011545062065124512, "loss": 2.225671660900116, "decode.loss_ce": 2.225671660900116, "decode.acc_seg": 25.622940063476562, "time": 0.6242088317871094, "iter": 100, "memory": 1290, "step": 100}
{"base_lr": 5.964030020013346e-06, "lr": 5.964030020013346e-06, "data_time": 0.011562085151672364, "loss": 2.0593918919563294, "decode.loss_ce": 2.0593918919563294, "decode.acc_seg": 70.75309753417969, "time": 0.6125985145568847, "iter": 150, "memory": 1290, "step": 150}
{"base_lr": 7.965362241494336e-06, "lr": 7.965362241494336e-06, "data_time": 0.01153395175933838, "loss": 1.9966972827911378, "decode.loss_ce": 1.9966972827911378, "decode.acc_seg": 6.538581848144531, "time": 0.6219484329223632, "iter": 200, "memory": 1290, "step": 200}
{"base_lr": 9.96669446297533e-06, "lr": 9.96669446297533e-06, "data_time": 0.01190633773803711, "loss": 2.0210392832756043, "decode.loss_ce": 2.0210392832756043, "decode.acc_seg": 58.510780334472656, "time": 0.6247852802276611, "iter": 250, "memory": 1290, "step": 250}
{"base_lr": 1.1968026684456319e-05, "lr": 1.1968026684456319e-05, "data_time": 0.01182403564453125, "loss": 1.8230930328369142, "decode.loss_ce": 1.8230930328369142, "decode.acc_seg": 34.192657470703125, "time": 0.6259981632232666, "iter": 300, "memory": 1290, "step": 300}
{"base_lr": 1.3969358905937323e-05, "lr": 1.3969358905937323e-05, "data_time": 0.010995697975158692, "loss": 1.8202879071235656, "decode.loss_ce": 1.8202879071235656, "decode.acc_seg": 63.018226623535156, "time": 0.511845874786377, "iter": 350, "memory": 1290, "step": 350}
{"base_lr": 1.597069112741831e-05, "lr": 1.597069112741831e-05, "data_time": 0.011458015441894532, "loss": 1.7221083521842957, "decode.loss_ce": 1.7221083521842957, "decode.acc_seg": 62.325096130371094, "time": 0.5182708263397217, "iter": 400, "memory": 1290, "step": 400}
{"base_lr": 1.797202334889931e-05, "lr": 1.797202334889931e-05, "data_time": 0.011635875701904297, "loss": 1.828370416164398, "decode.loss_ce": 1.828370416164398, "decode.acc_seg": 54.93946075439453, "time": 0.5313414573669434, "iter": 450, "memory": 1290, "step": 450}
{"base_lr": 1.9973355570380306e-05, "lr": 1.9973355570380306e-05, "data_time": 0.011324143409729004, "loss": 1.3421803891658783, "decode.loss_ce": 1.3421803891658783, "decode.acc_seg": 54.654884338378906, "time": 0.5166460990905761, "iter": 500, "memory": 1290, "step": 500}
{"base_lr": 2.1974687791861306e-05, "lr": 2.1974687791861306e-05, "data_time": 0.011207890510559083, "loss": 1.8719528317451477, "decode.loss_ce": 1.8719528317451477, "decode.acc_seg": 2.2004308700561523, "time": 0.502266788482666, "iter": 550, "memory": 1290, "step": 550}
{"base_lr": 2.3976020013342307e-05, "lr": 2.3976020013342307e-05, "data_time": 0.011087179183959961, "loss": 1.8095414280891418, "decode.loss_ce": 1.8095414280891418, "decode.acc_seg": 10.629653930664062, "time": 0.5065507411956787, "iter": 600, "memory": 1290, "step": 600}
{"base_lr": 2.597735223482329e-05, "lr": 2.597735223482329e-05, "data_time": 0.011399674415588378, "loss": 1.8549758911132812, "decode.loss_ce": 1.8549758911132812, "decode.acc_seg": 18.507766723632812, "time": 0.5178848028182983, "iter": 650, "memory": 1290, "step": 650}
{"base_lr": 2.797868445630428e-05, "lr": 2.797868445630428e-05, "data_time": 0.011408400535583497, "loss": 1.6584647178649903, "decode.loss_ce": 1.6584647178649903, "decode.acc_seg": 35.16731262207031, "time": 0.5208182811737061, "iter": 700, "memory": 1290, "step": 700}
{"base_lr": 2.99800166777853e-05, "lr": 2.99800166777853e-05, "data_time": 0.010890913009643555, "loss": 1.8450621008872985, "decode.loss_ce": 1.8450621008872985, "decode.acc_seg": 48.957252502441406, "time": 0.502536940574646, "iter": 750, "memory": 1290, "step": 750}
{"base_lr": 3.1981348899266314e-05, "lr": 3.1981348899266314e-05, "data_time": 0.011280155181884766, "loss": 1.4692047834396362, "decode.loss_ce": 1.4692047834396362, "decode.acc_seg": 27.90050506591797, "time": 0.566265606880188, "iter": 800, "memory": 1290, "step": 800}
{"base_lr": 3.398268112074729e-05, "lr": 3.398268112074729e-05, "data_time": 0.011213731765747071, "loss": 1.6811747789382934, "decode.loss_ce": 1.6811747789382934, "decode.acc_seg": 29.5013427734375, "time": 0.5030447483062744, "iter": 850, "memory": 1290, "step": 850}
{"base_lr": 3.5984013342228235e-05, "lr": 3.5984013342228235e-05, "data_time": 0.011006689071655274, "loss": 1.6457197308540343, "decode.loss_ce": 1.6457197308540343, "decode.acc_seg": 8.9935302734375, "time": 0.5166607856750488, "iter": 900, "memory": 1290, "step": 900}
{"base_lr": 3.7985345563709256e-05, "lr": 3.7985345563709256e-05, "data_time": 0.011363887786865234, "loss": 1.608951246738434, "decode.loss_ce": 1.608951246738434, "decode.acc_seg": 37.200164794921875, "time": 0.5097301244735718, "iter": 950, "memory": 1290, "step": 950}
{"base_lr": 3.998667778519025e-05, "lr": 3.998667778519025e-05, "data_time": 0.011637592315673828, "loss": 1.6031464219093323, "decode.loss_ce": 1.6031464219093323, "decode.acc_seg": 60.85987091064453, "time": 0.5064511299133301, "iter": 1000, "memory": 1290, "step": 1000}
{"base_lr": 4.198801000667124e-05, "lr": 4.198801000667124e-05, "data_time": 0.011090779304504394, "loss": 1.4604704141616822, "decode.loss_ce": 1.4604704141616822, "decode.acc_seg": 83.63430786132812, "time": 0.49642980098724365, "iter": 1050, "memory": 1290, "step": 1050}
{"base_lr": 4.398934222815225e-05, "lr": 4.398934222815225e-05, "data_time": 0.011045026779174804, "loss": 1.5816771984100342, "decode.loss_ce": 1.5816771984100342, "decode.acc_seg": 45.329856872558594, "time": 0.49812633991241456, "iter": 1100, "memory": 1290, "step": 1100}
{"base_lr": 4.599067444963324e-05, "lr": 4.599067444963324e-05, "data_time": 0.011297345161437988, "loss": 1.5062514066696167, "decode.loss_ce": 1.5062514066696167, "decode.acc_seg": 4.020725766218369e-11, "time": 0.5015264511108398, "iter": 1150, "memory": 1290, "step": 1150}
{"base_lr": 4.7992006671114227e-05, "lr": 4.7992006671114227e-05, "data_time": 0.011168432235717774, "loss": 1.6750596165657043, "decode.loss_ce": 1.6750596165657043, "decode.acc_seg": 38.140106201171875, "time": 0.5100321531295776, "iter": 1200, "memory": 1290, "step": 1200}
{"base_lr": 4.999333889259521e-05, "lr": 4.999333889259521e-05, "data_time": 0.011328768730163575, "loss": 1.6021263122558593, "decode.loss_ce": 1.6021263122558593, "decode.acc_seg": 43.68762969970703, "time": 0.4985935688018799, "iter": 1250, "memory": 1290, "step": 1250}
{"base_lr": 5.199467111407618e-05, "lr": 5.199467111407618e-05, "data_time": 0.012159013748168945, "loss": 1.6680421352386474, "decode.loss_ce": 1.6680421352386474, "decode.acc_seg": 52.02159881591797, "time": 0.5136700868606567, "iter": 1300, "memory": 1290, "step": 1300}
{"base_lr": 5.399600333555716e-05, "lr": 5.399600333555716e-05, "data_time": 0.010868239402770995, "loss": 1.2960181713104248, "decode.loss_ce": 1.2960181713104248, "decode.acc_seg": 63.283626556396484, "time": 0.5099235296249389, "iter": 1350, "memory": 1290, "step": 1350}
{"base_lr": 5.599733555703817e-05, "lr": 5.599733555703817e-05, "data_time": 0.01190803050994873, "loss": 1.5254309684038163, "decode.loss_ce": 1.5254309684038163, "decode.acc_seg": 24.141883850097656, "time": 0.5041919231414795, "iter": 1400, "memory": 1290, "step": 1400}
{"base_lr": 5.799866777851912e-05, "lr": 5.799866777851912e-05, "data_time": 0.01126410961151123, "loss": 1.642406702041626, "decode.loss_ce": 1.642406702041626, "decode.acc_seg": 45.78208923339844, "time": 0.5179654121398926, "iter": 1450, "memory": 1290, "step": 1450}
{"base_lr": 6.000000000000008e-05, "lr": 6.000000000000008e-05,