{"base_lr": 5.903507277648441e-05, "lr": 5.903507277648441e-05, "data_time": 0.16118571758270264, "loss": 0.2600186601281166, "decode.loss_ce": 0.2600186601281166, "decode.acc_seg": 62.50080871582031, "time": 1.6052951097488404, "iter": 4050, "memory": 28091, "step": 4050}
{"base_lr": 5.9016145212272686e-05, "lr": 5.9016145212272686e-05, "data_time": 0.1689765214920044, "loss": 0.2489410474896431, "decode.loss_ce": 0.2489410474896431, "decode.acc_seg": 64.54158020019531, "time": 1.61279399394989, "iter": 4100, "memory": 17998, "step": 4100}
{"base_lr": 5.899721764806091e-05, "lr": 5.899721764806091e-05, "data_time": 0.10488731861114502, "loss": 0.2876086816191673, "decode.loss_ce": 0.2876086816191673, "decode.acc_seg": 65.53974914550781, "time": 1.5904526710510254, "iter": 4150, "memory": 17998, "step": 4150}
{"base_lr": 5.8978290083849143e-05, "lr": 5.8978290083849143e-05, "data_time": 0.1497316837310791, "loss": 0.27471353113651276, "decode.loss_ce": 0.27471353113651276, "decode.acc_seg": 53.746559143066406, "time": 1.5968862771987915, "iter": 4200, "memory": 17998, "step": 4200}
{"base_lr": 5.895936251963737e-05, "lr": 5.895936251963737e-05, "data_time": 0.15744831562042236, "loss": 0.3059038519859314, "decode.loss_ce": 0.3059038519859314, "decode.acc_seg": 40.73757553100586, "time": 1.599722647666931, "iter": 4250, "memory": 17998, "step": 4250}
{"base_lr": 5.894043495542562e-05, "lr": 5.894043495542562e-05, "data_time": 0.1564937114715576, "loss": 0.2739900961518288, "decode.loss_ce": 0.2739900961518288, "decode.acc_seg": 64.18489837646484, "time": 1.602105164527893, "iter": 4300, "memory": 17998, "step": 4300}
{"base_lr": 5.892150739121386e-05, "lr": 5.892150739121386e-05, "data_time": 0.1353386163711548, "loss": 0.2556061506271362, "decode.loss_ce": 0.2556061506271362, "decode.acc_seg": 71.103759765625, "time": 1.625688910484314, "iter": 4350, "memory": 17998, "step": 4350}
{"base_lr": 5.890257982700204e-05, "lr": 5.890257982700204e-05, "data_time": 0.13834648132324218, "loss": 0.2860069558024406, "decode.loss_ce": 0.2860069558024406, "decode.acc_seg": 55.33127212524414, "time": 1.6085968017578125, "iter": 4400, "memory": 17998, "step": 4400}
{"base_lr": 5.8883652262790266e-05, "lr": 5.8883652262790266e-05, "data_time": 0.15341265201568605, "loss": 0.275148931145668, "decode.loss_ce": 0.275148931145668, "decode.acc_seg": 59.9782829284668, "time": 1.5955249786376953, "iter": 4450, "memory": 17998, "step": 4450}
{"base_lr": 5.88647246985785e-05, "lr": 5.88647246985785e-05, "data_time": 0.16245181560516359, "loss": 0.28227456510066984, "decode.loss_ce": 0.28227456510066984, "decode.acc_seg": 67.73587799072266, "time": 1.5983797311782837, "iter": 4500, "memory": 17998, "step": 4500}
{"base_lr": 5.884579713436674e-05, "lr": 5.884579713436674e-05, "data_time": 0.1621962308883667, "loss": 0.26128787994384767, "decode.loss_ce": 0.26128787994384767, "decode.acc_seg": 64.49274444580078, "time": 1.607194757461548, "iter": 4550, "memory": 17998, "step": 4550}
{"base_lr": 5.882686957015499e-05, "lr": 5.882686957015499e-05, "data_time": 0.16436800956726075, "loss": 0.2841586872935295, "decode.loss_ce": 0.2841586872935295, "decode.acc_seg": 75.4221420288086, "time": 1.6110049486160278, "iter": 4600, "memory": 17998, "step": 4600}
{"base_lr": 5.8807942005943195e-05, "lr": 5.8807942005943195e-05, "data_time": 0.18366117477416993, "loss": 0.2623245075345039, "decode.loss_ce": 0.2623245075345039, "decode.acc_seg": 35.21170425415039, "time": 1.6289153099060059, "iter": 4650, "memory": 17998, "step": 4650}
{"base_lr": 5.878901444173142e-05, "lr": 5.878901444173142e-05, "data_time": 0.20292479991912843, "loss": 0.25321931540966036, "decode.loss_ce": 0.25321931540966036, "decode.acc_seg": 47.69925308227539, "time": 1.6402702569961547, "iter": 4700, "memory": 17998, "step": 4700}
{"base_lr": 5.8770086877519645e-05, "lr": 5.8770086877519645e-05, "data_time": 0.16284430027008057, "loss": 0.26769853979349134, "decode.loss_ce": 0.26769853979349134, "decode.acc_seg": 52.20008850097656, "time": 1.6046166181564332, "iter": 4750, "memory": 17998, "step": 4750}
{"base_lr": 5.875115931330789e-05, "lr": 5.875115931330789e-05, "data_time": 0.173899507522583, "loss": 0.2770441725850105, "decode.loss_ce": 0.2770441725850105, "decode.acc_seg": 46.1842041015625, "time": 1.6144334554672242, "iter": 4800, "memory": 17998, "step": 4800}
{"base_lr": 5.8732231749096136e-05, "lr": 5.8732231749096136e-05, "data_time": 0.157067608833313, "loss": 0.2558681473135948, "decode.loss_ce": 0.2558681473135948, "decode.acc_seg": 56.79187774658203, "time": 1.6015413761138917, "iter": 4850, "memory": 17998, "step": 4850}
{"base_lr": 5.871330418488438e-05, "lr": 5.871330418488438e-05, "data_time": 0.1753999710083008, "loss": 0.28428986072540285, "decode.loss_ce": 0.28428986072540285, "decode.acc_seg": 75.77652740478516, "time": 1.6247851371765136, "iter": 4900, "memory": 17998, "step": 4900}
{"base_lr": 5.8694376620672614e-05, "lr": 5.8694376620672614e-05, "data_time": 0.19119186401367189, "loss": 0.2280977785587311, "decode.loss_ce": 0.2280977785587311, "decode.acc_seg": 72.24665832519531, "time": 1.6386475801467895, "iter": 4950, "memory": 17998, "step": 4950}
{"base_lr": 5.867544905646084e-05, "lr": 5.867544905646084e-05, "data_time": 0.1946246862411499, "loss": 0.2445978492498398, "decode.loss_ce": 0.2445978492498398, "decode.acc_seg": 62.190040588378906, "time": 1.6449161052703858, "iter": 5000, "memory": 17998, "step": 5000}
{"base_lr": 5.865652149224912e-05, "lr": 5.865652149224912e-05, "data_time": 0.18805785179138185, "loss": 0.29311203211545944, "decode.loss_ce": 0.29311203211545944, "decode.acc_seg": 53.889129638671875, "time": 1.635794711112976, "iter": 5050, "memory": 17998, "step": 5050}
{"base_lr": 5.863759392803736e-05, "lr": 5.863759392803736e-05, "data_time": 0.1903599977493286, "loss": 0.27822114527225494, "decode.loss_ce": 0.27822114527225494, "decode.acc_seg": 41.330047607421875, "time": 1.6272069931030273, "iter": 5100, "memory": 17998, "step": 5100}
{"base_lr": 5.861866636382558e-05, "lr": 5.861866636382558e-05, "data_time": 0.1878350019454956, "loss": 0.25659493207931516, "decode.loss_ce": 0.25659493207931516, "decode.acc_seg": 74.0417251586914, "time": 1.6217231035232544, "iter": 5150, "memory": 17998, "step": 5150}
{"base_lr": 5.859973879961377e-05, "lr": 5.859973879961377e-05, "data_time": 0.18438458442687988, "loss": 0.26029027104377744, "decode.loss_ce": 0.26029027104377744, "decode.acc_seg": 58.5194091796875, "time": 1.6218450307846068, "iter": 5200, "memory": 17998, "step": 5200}
{"base_lr": 5.858081123540198e-05, "lr": 5.858081123540198e-05, "data_time": 0.16243417263031007, "loss": 0.27250693142414095, "decode.loss_ce": 0.27250693142414095, "decode.acc_seg": 62.41128158569336, "time": 1.6029117584228516, "iter": 5250, "memory": 17998, "step": 5250}
{"base_lr": 5.856188367119022e-05, "lr": 5.856188367119022e-05, "data_time": 0.159134578704834, "loss": 0.26169784665107726, "decode.loss_ce": 0.26169784665107726, "decode.acc_seg": 61.4811897277832, "time": 1.6171518087387085, "iter": 5300, "memory": 17998, "step": 5300}
{"base_lr": 5.85429561069785e-05, "lr": 5.85429561069785e-05, "data_time": 0.13019309043884278, "loss": 0.24883417636156083, "decode.loss_ce": 0.24883417636156083, "decode.acc_seg": 59.27796173095703, "time": 1.616998028755188, "iter": 5350, "memory": 17998, "step": 5350}
{"base_lr": 5.852402854276673e-05, "lr": 5.852402854276673e-05, "data_time": 0.1679931402206421, "loss": 0.25281139016151427, "decode.loss_ce": 0.25281139016151427, "decode.acc_seg": 60.79339599609375, "time": 1.6087048530578614, "iter": 5400, "memory": 17998, "step": 5400}
{"base_lr": 5.850510097855498e-05, "lr": 5.850510097855498e-05, "data_time": 0.12392024993896485, "loss": 0.25657298117876054, "decode.loss_ce": 0.25657298117876054, "decode.acc_seg": 54.68568801879883, "time": 1.610041046142578, "iter": 5450, "memory": 17998, "step": 5450}
{"base_lr": 5.848617341434322e-05,