{"base_lr": 1.9613655770513682e-06, "lr": 1.9613655770513682e-06, "data_time": 1.1585084438323974, "loss": 2.37821569442749, "decode.loss_ce": 2.37821569442749, "decode.acc_seg": 24.156330108642578, "time": 1.3351686000823975, "iter": 50, "memory": 8119, "step": 50}
{"base_lr": 3.962697798532355e-06, "lr": 3.962697798532355e-06, "data_time": 1.1697802782058715, "loss": 2.1999335050582887, "decode.loss_ce": 2.1999335050582887, "decode.acc_seg": 18.72915267944336, "time": 1.3471894264221191, "iter": 100, "memory": 4685, "step": 100}
{"base_lr": 5.964030020013346e-06, "lr": 5.964030020013346e-06, "data_time": 1.1763251304626465, "loss": 1.999072003364563, "decode.loss_ce": 1.999072003364563, "decode.acc_seg": 22.331789016723633, "time": 1.3527812480926513, "iter": 150, "memory": 4685, "step": 150}
{"base_lr": 7.965362241494336e-06, "lr": 7.965362241494336e-06, "data_time": 1.1764238357543946, "loss": 1.8636713027954102, "decode.loss_ce": 1.8636713027954102, "decode.acc_seg": 35.46406936645508, "time": 1.3529105186462402, "iter": 200, "memory": 4685, "step": 200}
