{"base_lr": 5.979217534495485e-05, "lr": 5.979217534495485e-05, "data_time": 0.010958576202392578, "loss": 1.5666257858276367, "decode.loss_ce": 1.5666257858276367, "decode.acc_seg": 38.69285583496094, "time": 0.5633223295211792, "iter": 2050, "memory": 9328, "step": 2050}
{"base_lr": 5.977324778074308e-05, "lr": 5.977324778074308e-05, "data_time": 0.010644078254699707, "loss": 1.6096444249153137, "decode.loss_ce": 1.6096444249153137, "decode.acc_seg": 51.17635726928711, "time": 0.5556328058242798, "iter": 2100, "memory": 1289, "step": 2100}
{"base_lr": 5.975432021653133e-05, "lr": 5.975432021653133e-05, "data_time": 0.01084442138671875, "loss": 1.5924094676971436, "decode.loss_ce": 1.5924094676971436, "decode.acc_seg": 27.85186767578125, "time": 0.543945598602295, "iter": 2150, "memory": 1289, "step": 2150}
{"base_lr": 5.973539265231957e-05, "lr": 5.973539265231957e-05, "data_time": 0.010355830192565918, "loss": 1.4886202275753022, "decode.loss_ce": 1.4886202275753022, "decode.acc_seg": 3.25469970703125, "time": 0.5115616083145141, "iter": 2200, "memory": 1289, "step": 2200}
{"base_lr": 5.971646508810782e-05, "lr": 5.971646508810782e-05, "data_time": 0.01153724193572998, "loss": 1.852746856212616, "decode.loss_ce": 1.852746856212616, "decode.acc_seg": 18.558502197265625, "time": 0.5486532926559449, "iter": 2250, "memory": 1289, "step": 2250}
{"base_lr": 5.9697537523896055e-05, "lr": 5.9697537523896055e-05, "data_time": 0.011225080490112305, "loss": 1.7664647042751311, "decode.loss_ce": 1.7664647042751311, "decode.acc_seg": 77.2735595703125, "time": 0.5411746025085449, "iter": 2300, "memory": 1289, "step": 2300}
{"base_lr": 5.9678609959684276e-05, "lr": 5.9678609959684276e-05, "data_time": 0.010571718215942383, "loss": 1.67864933013916, "decode.loss_ce": 1.67864933013916, "decode.acc_seg": 32.64808654785156, "time": 0.5250902652740479, "iter": 2350, "memory": 1289, "step": 2350}
{"base_lr": 5.96596823954725e-05, "lr": 5.96596823954725e-05, "data_time": 0.010880184173583985, "loss": 1.5094703495502473, "decode.loss_ce": 1.5094703495502473, "decode.acc_seg": 64.30967712402344, "time": 0.5251214027404785, "iter": 2400, "memory": 1289, "step": 2400}
{"base_lr": 5.9640754831260734e-05, "lr": 5.9640754831260734e-05, "data_time": 0.010782766342163085, "loss": 1.660589873790741, "decode.loss_ce": 1.660589873790741, "decode.acc_seg": 18.471908569335938, "time": 0.5232738018035888, "iter": 2450, "memory": 1289, "step": 2450}
{"base_lr": 5.9621827267048956e-05, "lr": 5.9621827267048956e-05, "data_time": 0.011648130416870118, "loss": 1.4891023874282836, "decode.loss_ce": 1.4891023874282836, "decode.acc_seg": 71.01644897460938, "time": 0.5374276399612427, "iter": 2500, "memory": 1289, "step": 2500}
{"base_lr": 5.9602899702837184e-05, "lr": 5.9602899702837184e-05, "data_time": 0.01077258586883545, "loss": 1.6484196126461028, "decode.loss_ce": 1.6484196126461028, "decode.acc_seg": 79.61557006835938, "time": 0.5177523136138916, "iter": 2550, "memory": 1289, "step": 2550}
{"base_lr": 5.958397213862544e-05, "lr": 5.958397213862544e-05, "data_time": 0.011477160453796386, "loss": 1.945583438873291, "decode.loss_ce": 1.945583438873291, "decode.acc_seg": 28.44732093811035, "time": 0.518001914024353, "iter": 2600, "memory": 1289, "step": 2600}
{"base_lr": 5.956504457441368e-05, "lr": 5.956504457441368e-05, "data_time": 0.010625743865966797, "loss": 1.758147543668747, "decode.loss_ce": 1.758147543668747, "decode.acc_seg": 22.7264404296875, "time": 0.5413355112075806, "iter": 2650, "memory": 1289, "step": 2650}
{"base_lr": 5.954611701020197e-05, "lr": 5.954611701020197e-05, "data_time": 0.011167025566101075, "loss": 1.60572190284729, "decode.loss_ce": 1.60572190284729, "decode.acc_seg": 4.4525146484375, "time": 0.5397285699844361, "iter": 2700, "memory": 1289, "step": 2700}
{"base_lr": 5.952718944599025e-05, "lr": 5.952718944599025e-05, "data_time": 0.011265921592712402, "loss": 1.5469516217708588, "decode.loss_ce": 1.5469516217708588, "decode.acc_seg": 57.96165466308594, "time": 0.5237481832504273, "iter": 2750, "memory": 1289, "step": 2750}
{"base_lr": 5.950826188177847e-05, "lr": 5.950826188177847e-05, "data_time": 0.01070258617401123, "loss": 1.3941928625106812, "decode.loss_ce": 1.3941928625106812, "decode.acc_seg": 13.159561157226562, "time": 0.5052913188934326, "iter": 2800, "memory": 1289, "step": 2800}
{"base_lr": 5.9489334317566685e-05, "lr": 5.9489334317566685e-05, "data_time": 0.010479331016540527, "loss": 1.6137039303779601, "decode.loss_ce": 1.6137039303779601, "decode.acc_seg": 49.612998962402344, "time": 0.48881354331970217, "iter": 2850, "memory": 1289, "step": 2850}
{"base_lr": 5.947040675335491e-05, "lr": 5.947040675335491e-05, "data_time": 0.00985405445098877, "loss": 1.7089837908744812, "decode.loss_ce": 1.7089837908744812, "decode.acc_seg": 73.23760986328125, "time": 0.49137833118438723, "iter": 2900, "memory": 1289, "step": 2900}
{"base_lr": 5.9451479189143115e-05, "lr": 5.9451479189143115e-05, "data_time": 0.009987497329711914, "loss": 1.5216991364955903, "decode.loss_ce": 1.5216991364955903, "decode.acc_seg": 39.789772033691406, "time": 0.4884467363357544, "iter": 2950, "memory": 1289, "step": 2950}
{"base_lr": 5.943255162493135e-05, "lr": 5.943255162493135e-05, "data_time": 0.010098958015441894, "loss": 1.4132986664772034, "decode.loss_ce": 1.4132986664772034, "decode.acc_seg": 21.48677635192871, "time": 0.47819879055023196, "iter": 3000, "memory": 1289, "step": 3000}
{"base_lr": 5.941362406071958e-05, "lr": 5.941362406071958e-05, "data_time": 0.010527348518371582, "loss": 1.516558861732483, "decode.loss_ce": 1.516558861732483, "decode.acc_seg": 45.7794189453125, "time": 0.49538822174072267, "iter": 3050, "memory": 1289, "step": 3050}
{"base_lr": 5.9394696496507815e-05, "lr": 5.9394696496507815e-05, "data_time": 0.00975329875946045, "loss": 1.7451461195945739, "decode.loss_ce": 1.7451461195945739, "decode.acc_seg": 51.616859436035156, "time": 0.4747148990631104, "iter": 3100, "memory": 1289, "step": 3100}
{"base_lr": 5.937576893229608e-05, "lr": 5.937576893229608e-05, "data_time": 0.01014714241027832, "loss": 1.691449111700058, "decode.loss_ce": 1.691449111700058, "decode.acc_seg": 43.761634826660156, "time": 0.481644606590271, "iter": 3150, "memory": 1289, "step": 3150}
{"base_lr": 5.9356841368084306e-05, "lr": 5.9356841368084306e-05, "data_time": 0.009629774093627929, "loss": 1.775326931476593, "decode.loss_ce": 1.775326931476593, "decode.acc_seg": 67.90556335449219, "time": 0.5310848951339722, "iter": 3200, "memory": 1289, "step": 3200}
{"base_lr": 5.9337913803872555e-05, "lr": 5.9337913803872555e-05, "data_time": 0.010134005546569824, "loss": 1.580117905139923, "decode.loss_ce": 1.580117905139923, "decode.acc_seg": 41.370582580566406, "time": 0.48262715339660645, "iter": 3250, "memory": 1289, "step": 3250}
{"base_lr": 5.93189862396608e-05, "lr": 5.93189862396608e-05, "data_time": 0.011014938354492188, "loss": 1.6957856118679047, "decode.loss_ce": 1.6957856118679047, "decode.acc_seg": 42.57030487060547, "time": 0.49201881885528564, "iter": 3300, "memory": 1289, "step": 3300}
{"base_lr": 5.930005867544903e-05, "lr": 5.930005867544903e-05, "data_time": 0.011016559600830079, "loss": 1.4501713529229163, "decode.loss_ce": 1.4501713529229163, "decode.acc_seg": 61.046791076660156, "time": 0.490191125869751, "iter": 3350, "memory": 1289, "step": 3350}
{"base_lr": 5.9281131111237254e-05, "lr": 5.9281131111237254e-05, "data_time": 0.009938931465148926, "loss": 1.5295093178749084, "decode.loss_ce": 1.5295093178749084, "decode.acc_seg": 40.027427673339844, "time": 0.48063271045684813, "iter": 3400, "memory": 1289, "step": 3400}
{"base_lr": 5.9262203547025524e-05, "lr": 5.9262203547025524e-05, "data_time": 0.00983574390411377, "loss": 1.199723446369171, "decode.loss_ce": 1.199723446369171, "decode.acc_seg": 52.74162292480469, "time": 0.48961811065673827, "iter": 3450, "memory": 1289, "step": 3450}
{"base_lr": 5.9243275982813786e-05,