{"base_lr": 7.845462308205473e-06, "lr": 7.845462308205473e-06, "data_time": 0.007793402671813965, "loss": 2.172897458076477, "decode.loss_ce": 2.172897458076477, "decode.acc_seg": 45.88336944580078, "time": 0.3154484987258911, "iter": 50, "memory": 8135, "step": 50}
{"base_lr": 1.585079119412942e-05, "lr": 1.585079119412942e-05, "data_time": 0.008590888977050782, "loss": 1.906891942024231, "decode.loss_ce": 1.906891942024231, "decode.acc_seg": 24.065418243408203, "time": 0.297772216796875, "iter": 100, "memory": 4700, "step": 100}
