{"base_lr": 1.9613655770513682e-06, "lr": 1.9613655770513682e-06, "data_time": 0.669214415550232, "loss": 1.1692245721817016, "decode.loss_ce": 1.1692245721817016, "decode.acc_seg": 2.411651611328125, "time": 0.9256977319717408, "iter": 50, "memory": 19760, "step": 50}
{"base_lr": 3.962697798532355e-06, "lr": 3.962697798532355e-06, "data_time": 0.37219991683959963, "loss": 0.9723388910293579, "decode.loss_ce": 0.9723388910293579, "decode.acc_seg": 0.46884259581565857, "time": 0.6438257217407226, "iter": 100, "memory": 4657, "step": 100}
{"base_lr": 5.964030020013346e-06, "lr": 5.964030020013346e-06, "data_time": 0.5993642568588257, "loss": 1.0039003014564514, "decode.loss_ce": 1.0039003014564514, "decode.acc_seg": 36.79542541503906, "time": 0.8802099466323853, "iter": 150, "memory": 4657, "step": 150}
{"base_lr": 7.965362241494336e-06, "lr": 7.965362241494336e-06, "data_time": 0.4789093494415283, "loss": 1.0018694639205932, "decode.loss_ce": 1.0018694639205932, "decode.acc_seg": 35.85615158081055, "time": 0.7318106889724731, "iter": 200, "memory": 4657, "step": 200}
{"base_lr": 9.96669446297533e-06, "lr": 9.96669446297533e-06, "data_time": 0.4548729658126831, "loss": 0.9609517872333526, "decode.loss_ce": 0.9609517872333526, "decode.acc_seg": 29.67538833618164, "time": 0.7187388896942138, "iter": 250, "memory": 4657, "step": 250}
