{"base_lr": 1.9613655770513682e-06, "lr": 1.9613655770513682e-06, "data_time": 1.1762376785278321, "loss": 2.361609101295471, "decode.loss_ce": 2.361609101295471, "decode.acc_seg": 10.200638771057129, "time": 1.3633553743362428, "iter": 50, "memory": 8135, "step": 50}
{"base_lr": 3.962697798532355e-06, "lr": 3.962697798532355e-06, "data_time": 1.1845280647277832, "loss": 2.176529598236084, "decode.loss_ce": 2.176529598236084, "decode.acc_seg": 24.828893661499023, "time": 1.3705134630203246, "iter": 100, "memory": 4700, "step": 100}
{"base_lr": 5.964030020013346e-06, "lr": 5.964030020013346e-06, "data_time": 1.1853931903839112, "loss": 1.9461053252220153, "decode.loss_ce": 1.9461053252220153, "decode.acc_seg": 52.56559753417969, "time": 1.3713757276535035, "iter": 150, "memory": 4700, "step": 150}
{"base_lr": 7.965362241494336e-06, "lr": 7.965362241494336e-06, "data_time": 1.1748774528503418, "loss": 1.8035703301429749, "decode.loss_ce": 1.8035703301429749, "decode.acc_seg": 21.32254409790039, "time": 1.3605997562408447, "iter": 200, "memory": 4700, "step": 200}
{"base_lr": 9.96669446297533e-06, "lr": 9.96669446297533e-06, "data_time": 1.1808046340942382, "loss": 1.6471922874450684, "decode.loss_ce": 1.6471922874450684, "decode.acc_seg": 58.03528594970703, "time": 1.3670294284820557, "iter": 250, "memory": 4700, "step": 250}
{"base_lr": 1.1968026684456319e-05, "lr": 1.1968026684456319e-05, "data_time": 1.2021234273910522, "loss": 1.3498637914657592, "decode.loss_ce": 1.3498637914657592, "decode.acc_seg": 52.56218719482422, "time": 1.38709397315979, "iter": 300, "memory": 4700, "step": 300}
{"base_lr": 1.3969358905937323e-05, "lr": 1.3969358905937323e-05, "data_time": 1.1772113561630249, "loss": 1.2296295642852784, "decode.loss_ce": 1.2296295642852784, "decode.acc_seg": 48.69163513183594, "time": 1.3625851154327393, "iter": 350, "memory": 4700, "step": 350}
{"base_lr": 1.597069112741831e-05, "lr": 1.597069112741831e-05, "data_time": 1.1945741415023803, "loss": 1.1956329762935638, "decode.loss_ce": 1.1956329762935638, "decode.acc_seg": 71.64859771728516, "time": 1.3802406549453736, "iter": 400, "memory": 4700, "step": 400}
{"base_lr": 1.797202334889931e-05, "lr": 1.797202334889931e-05, "data_time": 1.1862133264541626, "loss": 0.899464738368988, "decode.loss_ce": 0.899464738368988, "decode.acc_seg": 64.20417022705078, "time": 1.3691807746887208, "iter": 450, "memory": 4700, "step": 450}
{"base_lr": 1.9973355570380306e-05, "lr": 1.9973355570380306e-05, "data_time": 1.1746130466461182, "loss": 0.8577943027019501, "decode.loss_ce": 0.8577943027019501, "decode.acc_seg": 69.39132690429688, "time": 1.3597484588623048, "iter": 500, "memory": 4700, "step": 500}
{"base_lr": 2.1974687791861306e-05, "lr": 2.1974687791861306e-05, "data_time": 1.1831033945083618, "loss": 0.8860200643539429, "decode.loss_ce": 0.8860200643539429, "decode.acc_seg": 72.92941284179688, "time": 1.36757972240448, "iter": 550, "memory": 4700, "step": 550}
{"base_lr": 2.3976020013342307e-05, "lr": 2.3976020013342307e-05, "data_time": 1.179585599899292, "loss": 0.9454628825187683, "decode.loss_ce": 0.9454628825187683, "decode.acc_seg": 63.26789093017578, "time": 1.3641953706741332, "iter": 600, "memory": 4700, "step": 600}
{"base_lr": 2.597735223482329e-05, "lr": 2.597735223482329e-05, "data_time": 1.1833601713180542, "loss": 0.7888822764158249, "decode.loss_ce": 0.7888822764158249, "decode.acc_seg": 86.98149108886719, "time": 1.3669729471206664, "iter": 650, "memory": 4700, "step": 650}
{"base_lr": 2.797868445630428e-05, "lr": 2.797868445630428e-05, "data_time": 1.2005716800689696, "loss": 0.7877294093370437, "decode.loss_ce": 0.7877294093370437, "decode.acc_seg": 92.06234741210938, "time": 1.38457248210907, "iter": 700, "memory": 4700, "step": 700}
{"base_lr": 2.99800166777853e-05, "lr": 2.99800166777853e-05, "data_time": 1.1787113189697265, "loss": 0.8054995477199555, "decode.loss_ce": 0.8054995477199555, "decode.acc_seg": 73.09159851074219, "time": 1.3633605718612671, "iter": 750, "memory": 4700, "step": 750}
{"base_lr": 3.1981348899266314e-05, "lr": 3.1981348899266314e-05, "data_time": 1.1829925060272217, "loss": 0.6717169344425201, "decode.loss_ce": 0.6717169344425201, "decode.acc_seg": 82.47657012939453, "time": 1.3679896116256713, "iter": 800, "memory": 4700, "step": 800}
{"base_lr": 3.398268112074729e-05, "lr": 3.398268112074729e-05, "data_time": 1.1656238555908203, "loss": 0.7172080129384995, "decode.loss_ce": 0.7172080129384995, "decode.acc_seg": 63.190093994140625, "time": 1.3508011102676392, "iter": 850, "memory": 4700, "step": 850}
{"base_lr": 3.5984013342228235e-05, "lr": 3.5984013342228235e-05, "data_time": 1.1660725355148316, "loss": 0.6863624691963196, "decode.loss_ce": 0.6863624691963196, "decode.acc_seg": 65.90771484375, "time": 1.3512531757354735, "iter": 900, "memory": 4700, "step": 900}
{"base_lr": 3.7985345563709256e-05, "lr": 3.7985345563709256e-05, "data_time": 1.1606504201889039, "loss": 0.7294408082962036, "decode.loss_ce": 0.7294408082962036, "decode.acc_seg": 62.11495590209961, "time": 1.344651985168457, "iter": 950, "memory": 4700, "step": 950}
{"base_lr": 3.998667778519025e-05, "lr": 3.998667778519025e-05, "data_time": 1.1767753601074218, "loss": 0.6395051658153534, "decode.loss_ce": 0.6395051658153534, "decode.acc_seg": 81.37606811523438, "time": 1.3608232736587524, "iter": 1000, "memory": 4700, "step": 1000}
{"base_lr": 4.198801000667124e-05, "lr": 4.198801000667124e-05, "data_time": 1.1692316293716432, "loss": 0.7760899543762207, "decode.loss_ce": 0.7760899543762207, "decode.acc_seg": 69.46038818359375, "time": 1.3539936304092408, "iter": 1050, "memory": 4700, "step": 1050}
{"base_lr": 4.398934222815225e-05, "lr": 4.398934222815225e-05, "data_time": 1.1996233940124512, "loss": 0.6995785474777222, "decode.loss_ce": 0.6995785474777222, "decode.acc_seg": 80.72438049316406, "time": 1.384207558631897, "iter": 1100, "memory": 4700, "step": 1100}
{"base_lr": 4.599067444963324e-05, "lr": 4.599067444963324e-05, "data_time": 1.1698014974594115, "loss": 0.7030715346336365, "decode.loss_ce": 0.7030715346336365, "decode.acc_seg": 70.47486114501953, "time": 1.3560474634170532, "iter": 1150, "memory": 4700, "step": 1150}
{"base_lr": 4.7992006671114227e-05, "lr": 4.7992006671114227e-05, "data_time": 1.1880422592163087, "loss": 0.680996960401535, "decode.loss_ce": 0.680996960401535, "decode.acc_seg": 78.85011291503906, "time": 1.3728986501693725, "iter": 1200, "memory": 4700, "step": 1200}
{"base_lr": 4.999333889259521e-05, "lr": 4.999333889259521e-05, "data_time": 1.1715731143951416, "loss": 0.6202001571655273, "decode.loss_ce": 0.6202001571655273, "decode.acc_seg": 87.94146728515625, "time": 1.3564376831054688, "iter": 1250, "memory": 4700, "step": 1250}
{"base_lr": 5.199467111407618e-05, "lr": 5.199467111407618e-05, "data_time": 1.1854780673980714, "loss": 0.6594143033027648, "decode.loss_ce": 0.6594143033027648, "decode.acc_seg": 67.77605438232422, "time": 1.3683588027954101, "iter": 1300, "memory": 4700, "step": 1300}
{"base_lr": 5.399600333555716e-05, "lr": 5.399600333555716e-05, "data_time": 1.1806445598602295, "loss": 0.7387719631195069, "decode.loss_ce": 0.7387719631195069, "decode.acc_seg": 66.39599609375, "time": 1.3655929088592529, "iter": 1350, "memory": 4700, "step": 1350}
{"base_lr": 5.599733555703817e-05, "lr": 5.599733555703817e-05, "data_time": 1.1854755878448486, "loss": 0.5850724309682847, "decode.loss_ce": 0.5850724309682847, "decode.acc_seg": 69.3038558959961, "time": 1.3691051006317139, "iter": 1400, "memory": 4700, "step": 1400}
{"base_lr": 5.799866777851912e-05, "lr": 5.799866777851912e-05, "data_time": 1.1930465936660766, "loss": 0.5925993353128434, "decode.loss_ce": 0.5925993353128434, "decode.acc_seg": 83.33039093017578, "time": 1.378875231742859, "iter": 1450, "memory": 4700, "step": 1450}
{"base_lr": 6.000000000000008e-05, "lr": 6.000000000000008e-05, "data_time": 1.1659363746643066, "loss": 0.650690695643425,