{"base_lr": 1.9613655770513682e-06, "lr": 1.9613655770513682e-06, "data_time": 1.6515058040618897, "loss": 2.2173499703407287, "decode.loss_ce": 2.2173499703407287, "decode.acc_seg": 22.02014923095703, "time": 1.8694036245346068, "iter": 50, "memory": 8119, "step": 50}
{"base_lr": 3.962697798532355e-06, "lr": 3.962697798532355e-06, "data_time": 1.7121636629104615, "loss": 2.1457720041275024, "decode.loss_ce": 2.1457720041275024, "decode.acc_seg": 38.19465637207031, "time": 1.9186963319778443, "iter": 100, "memory": 4686, "step": 100}
{"base_lr": 5.964030020013346e-06, "lr": 5.964030020013346e-06, "data_time": 1.5025511741638184, "loss": 1.888352358341217, "decode.loss_ce": 1.888352358341217, "decode.acc_seg": 15.767910957336426, "time": 1.723411202430725, "iter": 150, "memory": 4686, "step": 150}
{"base_lr": 7.965362241494336e-06, "lr": 7.965362241494336e-06, "data_time": 1.6745988368988036, "loss": 1.7578609943389893, "decode.loss_ce": 1.7578609943389893, "decode.acc_seg": 25.321918487548828, "time": 1.8962695360183717, "iter": 200, "memory": 4686, "step": 200}
{"base_lr": 9.96669446297533e-06, "lr": 9.96669446297533e-06, "data_time": 1.5610812902450562, "loss": 1.6574976086616515, "decode.loss_ce": 1.6574976086616515, "decode.acc_seg": 38.31591796875, "time": 1.7781249046325684, "iter": 250, "memory": 4686, "step": 250}
{"base_lr": 1.1968026684456319e-05, "lr": 1.1968026684456319e-05, "data_time": 1.6684763431549072, "loss": 1.579578685760498, "decode.loss_ce": 1.579578685760498, "decode.acc_seg": 31.10431671142578, "time": 1.8859485387802124, "iter": 300, "memory": 4686, "step": 300}
{"base_lr": 1.3969358905937323e-05, "lr": 1.3969358905937323e-05, "data_time": 1.5309677124023438, "loss": 1.5910954594612121, "decode.loss_ce": 1.5910954594612121, "decode.acc_seg": 35.90746307373047, "time": 1.7508482933044434, "iter": 350, "memory": 4686, "step": 350}
