{"aAcc": 87.78, "mIoU": 72.69, "mAcc": 83.86, "data_time": 115.91195990975979, "time": 116.2104683555333}