{"base_lr": 1.9613655770513682e-06, "lr": 1.9613655770513682e-06, "data_time": 0.0068961381912231445, "loss": 0.04382071476429701, "decode.loss_ce": 0.04382071476429701, "decode.acc_seg": 1.1237889785409294e-10, "time": 1.1179548740386962, "iter": 50, "memory": 30840, "step": 50}
{"base_lr": 3.962697798532355e-06, "lr": 3.962697798532355e-06, "data_time": 0.006670331954956055, "loss": 0.04336001435294747, "decode.loss_ce": 0.04336001435294747, "decode.acc_seg": 56.085205078125, "time": 1.1268556118011475, "iter": 100, "memory": 26412, "step": 100}
