{"aAcc": 73.17, "mIoU": 24.7, "mAcc": 33.56, "data_time": 0.7413099899291992, "time": 0.7822321068048477}