{"base_lr": 1.9613655770513682e-06, "lr": 1.9613655770513682e-06, "data_time": 0.006298470497131348, "loss": 2.3609610319137575, "decode.loss_ce": 2.3609610319137575, "decode.acc_seg": 2.7206029891967773, "time": 0.14521381855010987, "iter": 50, "memory": 4498, "step": 50}
{"base_lr": 3.962697798532355e-06, "lr": 3.962697798532355e-06, "data_time": 0.006397223472595215, "loss": 2.140752935409546, "decode.loss_ce": 2.140752935409546, "decode.acc_seg": 67.28668212890625, "time": 0.13265485763549806, "iter": 100, "memory": 643, "step": 100}
{"base_lr": 5.964030020013346e-06, "lr": 5.964030020013346e-06, "data_time": 0.006007552146911621, "loss": 1.7560937821865081, "decode.loss_ce": 1.7560937821865081, "decode.acc_seg": 44.29588317871094, "time": 0.13439793586730958, "iter": 150, "memory": 643, "step": 150}
{"base_lr": 7.965362241494336e-06, "lr": 7.965362241494336e-06, "data_time": 0.006566405296325684, "loss": 2.1636382222175596, "decode.loss_ce": 2.1636382222175596, "decode.acc_seg": 4.547473508864641e-11, "time": 0.137503981590271, "iter": 200, "memory": 643, "step": 200}
{"base_lr": 9.96669446297533e-06, "lr": 9.96669446297533e-06, "data_time": 0.006211972236633301, "loss": 1.8093640327453613, "decode.loss_ce": 1.8093640327453613, "decode.acc_seg": 46.82197570800781, "time": 0.13530354499816893, "iter": 250, "memory": 643, "step": 250}
{"base_lr": 1.1968026684456319e-05, "lr": 1.1968026684456319e-05, "data_time": 0.00593719482421875, "loss": 2.140396273136139, "decode.loss_ce": 2.140396273136139, "decode.acc_seg": 4.566216155188485e-11, "time": 0.13168129920959473, "iter": 300, "memory": 643, "step": 300}
{"base_lr": 1.3969358905937323e-05, "lr": 1.3969358905937323e-05, "data_time": 0.0060404777526855465, "loss": 1.8202629685401917, "decode.loss_ce": 1.8202629685401917, "decode.acc_seg": 4.547473508864641e-11, "time": 0.13380153179168702, "iter": 350, "memory": 643, "step": 350}
{"base_lr": 1.597069112741831e-05, "lr": 1.597069112741831e-05, "data_time": 0.006104564666748047, "loss": 1.7560066044330598, "decode.loss_ce": 1.7560066044330598, "decode.acc_seg": 25.477981567382812, "time": 0.13641788959503173, "iter": 400, "memory": 643, "step": 400}
{"base_lr": 1.797202334889931e-05, "lr": 1.797202334889931e-05, "data_time": 0.006008720397949219, "loss": 1.7317291140556335, "decode.loss_ce": 1.7317291140556335, "decode.acc_seg": 26.395416259765625, "time": 0.1345135450363159, "iter": 450, "memory": 643, "step": 450}
{"base_lr": 1.9973355570380306e-05, "lr": 1.9973355570380306e-05, "data_time": 0.0059832572937011715, "loss": 1.850156518816948, "decode.loss_ce": 1.850156518816948, "decode.acc_seg": 5.367369881881245e-10, "time": 0.13821055889129638, "iter": 500, "memory": 643, "step": 500}
{"base_lr": 2.1974687791861306e-05, "lr": 2.1974687791861306e-05, "data_time": 0.005848073959350586, "loss": 1.8241872906684875, "decode.loss_ce": 1.8241872906684875, "decode.acc_seg": 44.42176818847656, "time": 0.1334090232849121, "iter": 550, "memory": 643, "step": 550}
{"base_lr": 2.3976020013342307e-05, "lr": 2.3976020013342307e-05, "data_time": 0.006034708023071289, "loss": 1.8312421917915345, "decode.loss_ce": 1.8312421917915345, "decode.acc_seg": 2.496337890625, "time": 0.1354991912841797, "iter": 600, "memory": 643, "step": 600}
{"base_lr": 2.597735223482329e-05, "lr": 2.597735223482329e-05, "data_time": 0.006079316139221191, "loss": 1.9109664559364319, "decode.loss_ce": 1.9109664559364319, "decode.acc_seg": 4.547473508864641e-11, "time": 0.14062037467956542, "iter": 650, "memory": 643, "step": 650}
{"base_lr": 2.797868445630428e-05, "lr": 2.797868445630428e-05, "data_time": 0.09049110412597657, "loss": 2.0041613578796387, "decode.loss_ce": 2.0041613578796387, "decode.acc_seg": 83.40225219726562, "time": 0.21646630764007568, "iter": 700, "memory": 643, "step": 700}
{"base_lr": 2.99800166777853e-05, "lr": 2.99800166777853e-05, "data_time": 0.0064124584197998045, "loss": 1.973375916481018, "decode.loss_ce": 1.973375916481018, "decode.acc_seg": 81.08367919921875, "time": 0.144866681098938, "iter": 750, "memory": 643, "step": 750}
{"base_lr": 3.1981348899266314e-05, "lr": 3.1981348899266314e-05, "data_time": 0.0066089630126953125, "loss": 1.9372008800506593, "decode.loss_ce": 1.9372008800506593, "decode.acc_seg": 47.689056396484375, "time": 0.1486640214920044, "iter": 800, "memory": 643, "step": 800}
{"base_lr": 3.398268112074729e-05, "lr": 3.398268112074729e-05, "data_time": 0.006531214714050293, "loss": 1.788914430141449, "decode.loss_ce": 1.788914430141449, "decode.acc_seg": 4.547473508864641e-11, "time": 0.1461864948272705, "iter": 850, "memory": 643, "step": 850}
{"base_lr": 3.5984013342228235e-05, "lr": 3.5984013342228235e-05, "data_time": 0.006576442718505859, "loss": 1.3280744433403016, "decode.loss_ce": 1.3280744433403016, "decode.acc_seg": 27.595901489257812, "time": 0.14397647380828857, "iter": 900, "memory": 643, "step": 900}
{"base_lr": 3.7985345563709256e-05, "lr": 3.7985345563709256e-05, "data_time": 0.006311273574829102, "loss": 1.7138280391693115, "decode.loss_ce": 1.7138280391693115, "decode.acc_seg": 81.19125366210938, "time": 0.14177775382995605, "iter": 950, "memory": 643, "step": 950}
{"base_lr": 3.998667778519025e-05, "lr": 3.998667778519025e-05, "data_time": 0.006373190879821777, "loss": 1.6884097754955292, "decode.loss_ce": 1.6884097754955292, "decode.acc_seg": 18.999481201171875, "time": 0.14301185607910155, "iter": 1000, "memory": 643, "step": 1000}
{"base_lr": 4.198801000667124e-05, "lr": 4.198801000667124e-05, "data_time": 0.006657648086547852, "loss": 1.9344359278678893, "decode.loss_ce": 1.9344359278678893, "decode.acc_seg": 24.979019165039062, "time": 0.14410290718078614, "iter": 1050, "memory": 643, "step": 1050}
{"base_lr": 4.398934222815225e-05, "lr": 4.398934222815225e-05, "data_time": 0.00659787654876709, "loss": 1.7061449483036994, "decode.loss_ce": 1.7061449483036994, "decode.acc_seg": 4.547473508864641e-11, "time": 0.14612889289855957, "iter": 1100, "memory": 643, "step": 1100}
{"base_lr": 4.599067444963324e-05, "lr": 4.599067444963324e-05, "data_time": 0.0968628168106079, "loss": 1.4520760297775268, "decode.loss_ce": 1.4520760297775268, "decode.acc_seg": 80.93986511230469, "time": 0.22596416473388672, "iter": 1150, "memory": 643, "step": 1150}
{"base_lr": 4.7992006671114227e-05, "lr": 4.7992006671114227e-05, "data_time": 0.006386661529541015, "loss": 1.6745984494686126, "decode.loss_ce": 1.6745984494686126, "decode.acc_seg": 18.514251708984375, "time": 0.1393136739730835, "iter": 1200, "memory": 643, "step": 1200}
{"base_lr": 4.999333889259521e-05, "lr": 4.999333889259521e-05, "data_time": 0.006392717361450195, "loss": 1.587050062417984, "decode.loss_ce": 1.587050062417984, "decode.acc_seg": 4.547473508864641e-11, "time": 0.14137084484100343, "iter": 1250, "memory": 643, "step": 1250}
{"base_lr": 5.199467111407618e-05, "lr": 5.199467111407618e-05, "data_time": 0.006760931015014649, "loss": 1.673568719625473, "decode.loss_ce": 1.673568719625473, "decode.acc_seg": 31.891250610351562, "time": 0.14323854446411133, "iter": 1300, "memory": 643, "step": 1300}
{"base_lr": 5.399600333555716e-05, "lr": 5.399600333555716e-05, "data_time": 0.006258440017700195, "loss": 1.07438425719738, "decode.loss_ce": 1.07438425719738, "decode.acc_seg": 68.01834106445312, "time": 0.13893394470214843, "iter": 1350, "memory": 643, "step": 1350}
{"base_lr": 5.599733555703817e-05, "lr": 5.599733555703817e-05, "data_time": 0.058340024948120114, "loss": 1.6138611137866974, "decode.loss_ce": 1.6138611137866974, "decode.acc_seg": 4.547473508864641e-11, "time": 0.18825416564941405, "iter": 1400, "memory": 643, "step": 1400}
{"base_lr": 5.799866777851912e-05, "lr": 5.799866777851912e-05, "data_time": 0.00649104118347168, "loss": 1.6414367377758026, "decode.loss_ce": 1.6414367377758026, "decode.acc_seg": 59.86484146118164, "time": 0.13987231254577637, "iter": 1450, "memory": 643, "step": 1450}
{"base_lr": 6.000000000000008e-05, "lr": 6.000000000000008e-05,