{"lr": 0.009994542389608127, "data_time": 1.0108966827392578, "loss": 2.418784260749817, "decode.loss_ce": 1.7351602435112, "decode.acc_seg": 30.985092163085938, "aux.loss_ce": 0.683623993396759, "aux.acc_seg": 34.999576568603516, "time": 1.8479785919189453, "iter": 50, "memory": 23068, "step": 50}
{"lr": 0.009988973054603395, "data_time": 1.1242136716842652, "loss": 2.162161445617676, "decode.loss_ce": 1.542568838596344, "decode.acc_seg": 61.602622985839844, "aux.loss_ce": 0.6195926159620285, "aux.acc_seg": 47.64998245239258, "time": 1.9604456663131713, "iter": 100, "memory": 14200, "step": 100}
{"lr": 0.00998340337106865, "data_time": 1.02046856880188, "loss": 1.9425835251808166, "decode.loss_ce": 1.3809808254241944, "decode.acc_seg": 56.59433364868164, "aux.loss_ce": 0.5616026997566224, "aux.acc_seg": 49.112369537353516, "time": 1.8566407918930055, "iter": 150, "memory": 14200, "step": 150}
{"lr": 0.009977833338763812, "data_time": 1.1066298484802246, "loss": 1.8479843258857727, "decode.loss_ce": 1.2762077867984771, "decode.acc_seg": 47.53091049194336, "aux.loss_ce": 0.5717765361070632, "aux.acc_seg": 39.51106262207031, "time": 1.9420960903167725, "iter": 200, "memory": 14200, "step": 200}
{"lr": 0.009972262957448508, "data_time": 1.0972236156463624, "loss": 2.268491768836975, "decode.loss_ce": 1.6293999314308167, "decode.acc_seg": 50.297908782958984, "aux.loss_ce": 0.6390918344259262, "aux.acc_seg": 47.484580993652344, "time": 1.9320576190948486, "iter": 250, "memory": 14200, "step": 250}
{"lr": 0.009966692226882018, "data_time": 1.0425165891647339, "loss": 1.8262054562568664, "decode.loss_ce": 1.270373374223709, "decode.acc_seg": 68.92723846435547, "aux.loss_ce": 0.5558320850133895, "aux.acc_seg": 56.99382019042969, "time": 1.8782561779022218, "iter": 300, "memory": 14200, "step": 300}
{"lr": 0.009961121146823335, "data_time": 0.9800476551055908, "loss": 2.082532489299774, "decode.loss_ce": 1.488167655467987, "decode.acc_seg": 72.59137725830078, "aux.loss_ce": 0.5943648368120193, "aux.acc_seg": 62.068416595458984, "time": 1.8151983976364137, "iter": 350, "memory": 14200, "step": 350}
{"lr": 0.009955549717031104, "data_time": 1.0014233112335205, "loss": 1.781608760356903, "decode.loss_ce": 1.220813274383545, "decode.acc_seg": 38.76314163208008, "aux.loss_ce": 0.5607954621315002, "aux.acc_seg": 37.169219970703125, "time": 1.837098813056946, "iter": 400, "memory": 14200, "step": 400}
{"lr": 0.009949977937263675, "data_time": 0.9946811437606812, "loss": 1.7695983409881593, "decode.loss_ce": 1.2170252859592439, "decode.acc_seg": 50.475372314453125, "aux.loss_ce": 0.552573049068451, "aux.acc_seg": 44.09909439086914, "time": 1.8304762363433837, "iter": 450, "memory": 14200, "step": 450}
{"lr": 0.009944405807279068, "data_time": 1.067348027229309, "loss": 1.7058779001235962, "decode.loss_ce": 1.1913923621177673, "decode.acc_seg": 56.73503875732422, "aux.loss_ce": 0.5144854933023453, "aux.acc_seg": 48.232173919677734, "time": 1.9033825635910033, "iter": 500, "memory": 14200, "step": 500}
{"lr": 0.009938833326834986, "data_time": 1.0231717824935913, "loss": 1.694236731529236, "decode.loss_ce": 1.1533484220504762, "decode.acc_seg": 50.70744323730469, "aux.loss_ce": 0.5408883094787598, "aux.acc_seg": 51.68304443359375, "time": 1.8586195230484008, "iter": 550, "memory": 14200, "step": 550}
{"lr": 0.009933260495688814, "data_time": 0.9731062412261963, "loss": 1.780685257911682, "decode.loss_ce": 1.2606943011283875, "decode.acc_seg": 70.67060852050781, "aux.loss_ce": 0.5199909538030625, "aux.acc_seg": 67.70740509033203, "time": 1.8096620082855224, "iter": 600, "memory": 14200, "step": 600}
{"lr": 0.009927687313597623, "data_time": 1.0351420164108276, "loss": 1.6931186676025392, "decode.loss_ce": 1.160061275959015, "decode.acc_seg": 49.97892379760742, "aux.loss_ce": 0.5330573856830597, "aux.acc_seg": 49.62759017944336, "time": 1.8710699558258057, "iter": 650, "memory": 14200, "step": 650}
{"lr": 0.00992211378031814, "data_time": 1.0323108196258546, "loss": 1.4463931322097778, "decode.loss_ce": 0.9701430082321167, "decode.acc_seg": 65.60139465332031, "aux.loss_ce": 0.47625010907649995, "aux.acc_seg": 53.295372009277344, "time": 1.8697043895721435, "iter": 700, "memory": 14200, "step": 700}
{"lr": 0.009916539895606803, "data_time": 1.019791340827942, "loss": 1.4241498351097106, "decode.loss_ce": 0.9501359760761261, "decode.acc_seg": 61.907352447509766, "aux.loss_ce": 0.4740138679742813, "aux.acc_seg": 54.054691314697266, "time": 1.8577707290649415, "iter": 750, "memory": 14200, "step": 750}
