{"base_lr": 1.9613655770513682e-06, "lr": 1.9613655770513682e-06, "data_time": 0.16805503368377686, "loss": 2.3752514362335204, "decode.loss_ce": 2.3752514362335204, "decode.acc_seg": 1.507024884223938, "time": 0.24470093250274658, "iter": 50, "memory": 960, "step": 50}
{"base_lr": 3.962697798532355e-06, "lr": 3.962697798532355e-06, "data_time": 0.15917744636535644, "loss": 2.2916088342666625, "decode.loss_ce": 2.2916088342666625, "decode.acc_seg": 48.70777130126953, "time": 0.23608362674713135, "iter": 100, "memory": 960, "step": 100}
{"base_lr": 5.964030020013346e-06, "lr": 5.964030020013346e-06, "data_time": 0.18792860507965087, "loss": 2.066859269142151, "decode.loss_ce": 2.066859269142151, "decode.acc_seg": 51.14002227783203, "time": 0.2584744691848755, "iter": 150, "memory": 960, "step": 150}
{"base_lr": 7.965362241494336e-06, "lr": 7.965362241494336e-06, "data_time": 0.16506469249725342, "loss": 1.9853171586990357, "decode.loss_ce": 1.9853171586990357, "decode.acc_seg": 12.828254699707031, "time": 0.2372117519378662, "iter": 200, "memory": 960, "step": 200}
{"base_lr": 9.96669446297533e-06, "lr": 9.96669446297533e-06, "data_time": 0.6163474798202515, "loss": 1.8222342252731323, "decode.loss_ce": 1.8222342252731323, "decode.acc_seg": 34.411048889160156, "time": 0.688648796081543, "iter": 250, "memory": 960, "step": 250}
{"base_lr": 1.1968026684456319e-05, "lr": 1.1968026684456319e-05, "data_time": 0.17163333892822266, "loss": 1.845777201652527, "decode.loss_ce": 1.845777201652527, "decode.acc_seg": 14.977836608886719, "time": 0.2500372171401978, "iter": 300, "memory": 960, "step": 300}
{"base_lr": 1.3969358905937323e-05, "lr": 1.3969358905937323e-05, "data_time": 0.1640075445175171, "loss": 1.7351526021957397, "decode.loss_ce": 1.7351526021957397, "decode.acc_seg": 62.648963928222656, "time": 0.24044499397277833, "iter": 350, "memory": 960, "step": 350}
{"base_lr": 1.597069112741831e-05, "lr": 1.597069112741831e-05, "data_time": 0.17433934211730956, "loss": 1.8298407077789307, "decode.loss_ce": 1.8298407077789307, "decode.acc_seg": 40.812137603759766, "time": 0.24954309463500976, "iter": 400, "memory": 960, "step": 400}
{"base_lr": 1.797202334889931e-05, "lr": 1.797202334889931e-05, "data_time": 0.17126717567443847, "loss": 1.4547428965568543, "decode.loss_ce": 1.4547428965568543, "decode.acc_seg": 45.99609375, "time": 0.24272651672363282, "iter": 450, "memory": 960, "step": 450}
{"base_lr": 1.9973355570380306e-05, "lr": 1.9973355570380306e-05, "data_time": 0.6417853832244873, "loss": 1.5336961269378662, "decode.loss_ce": 1.5336961269378662, "decode.acc_seg": 38.341522216796875, "time": 0.7105476379394531, "iter": 500, "memory": 960, "step": 500}
{"base_lr": 2.1974687791861306e-05, "lr": 2.1974687791861306e-05, "data_time": 0.18886156082153321, "loss": 1.6880935847759246, "decode.loss_ce": 1.6880935847759246, "decode.acc_seg": 51.36375427246094, "time": 0.26299121379852297, "iter": 550, "memory": 960, "step": 550}
{"base_lr": 2.3976020013342307e-05, "lr": 2.3976020013342307e-05, "data_time": 0.1783085584640503, "loss": 1.306370586156845, "decode.loss_ce": 1.306370586156845, "decode.acc_seg": 52.09312438964844, "time": 0.25024027824401857, "iter": 600, "memory": 960, "step": 600}
{"base_lr": 2.597735223482329e-05, "lr": 2.597735223482329e-05, "data_time": 0.16331238746643068, "loss": 1.44301038980484, "decode.loss_ce": 1.44301038980484, "decode.acc_seg": 49.26300048828125, "time": 0.23484156131744385, "iter": 650, "memory": 960, "step": 650}
