{"base_lr": 1.9613655770513682e-06, "lr": 1.9613655770513682e-06, "data_time": 0.009108304977416992, "loss": 2.2108569979667663, "decode.loss_ce": 2.2108569979667663, "decode.acc_seg": 11.914443969726562, "time": 0.4476810932159424, "iter": 50, "memory": 8910, "step": 50}
{"base_lr": 3.962697798532355e-06, "lr": 3.962697798532355e-06, "data_time": 0.008420848846435547, "loss": 2.008949798345566, "decode.loss_ce": 2.008949798345566, "decode.acc_seg": 23.62213134765625, "time": 0.44365050792694094, "iter": 100, "memory": 661, "step": 100}
{"base_lr": 5.964030020013346e-06, "lr": 5.964030020013346e-06, "data_time": 0.00937352180480957, "loss": 1.8828845284879208, "decode.loss_ce": 1.8828845284879208, "decode.acc_seg": 4.547473508864641e-11, "time": 0.44503021240234375, "iter": 150, "memory": 661, "step": 150}
{"base_lr": 7.965362241494336e-06, "lr": 7.965362241494336e-06, "data_time": 0.00886847972869873, "loss": 2.1299461126327515, "decode.loss_ce": 2.1299461126327515, "decode.acc_seg": 13.76495361328125, "time": 0.42167129516601565, "iter": 200, "memory": 661, "step": 200}
{"base_lr": 9.96669446297533e-06, "lr": 9.96669446297533e-06, "data_time": 0.009106779098510742, "loss": 1.8890760779380797, "decode.loss_ce": 1.8890760779380797, "decode.acc_seg": 36.06529235839844, "time": 0.4372046232223511, "iter": 250, "memory": 661, "step": 250}
{"base_lr": 1.1968026684456319e-05, "lr": 1.1968026684456319e-05, "data_time": 0.009361982345581055, "loss": 1.9256107807159424, "decode.loss_ce": 1.9256107807159424, "decode.acc_seg": 69.54689025878906, "time": 0.42826504707336427, "iter": 300, "memory": 661, "step": 300}
{"base_lr": 1.3969358905937323e-05, "lr": 1.3969358905937323e-05, "data_time": 0.008522415161132812, "loss": 1.8783063054084779, "decode.loss_ce": 1.8783063054084779, "decode.acc_seg": 13.154220581054688, "time": 0.4088529825210571, "iter": 350, "memory": 661, "step": 350}
{"base_lr": 1.597069112741831e-05, "lr": 1.597069112741831e-05, "data_time": 0.009443235397338868, "loss": 1.9657089114189148, "decode.loss_ce": 1.9657089114189148, "decode.acc_seg": 9.046173095703125, "time": 0.42434737682342527, "iter": 400, "memory": 661, "step": 400}
{"base_lr": 1.797202334889931e-05, "lr": 1.797202334889931e-05, "data_time": 0.008966898918151856, "loss": 1.9787147402763368, "decode.loss_ce": 1.9787147402763368, "decode.acc_seg": 26.749910354614258, "time": 0.4114351272583008, "iter": 450, "memory": 661, "step": 450}
{"base_lr": 1.9973355570380306e-05, "lr": 1.9973355570380306e-05, "data_time": 0.00847165584564209, "loss": 1.9933327794075013, "decode.loss_ce": 1.9933327794075013, "decode.acc_seg": 47.826385498046875, "time": 0.4202303886413574, "iter": 500, "memory": 661, "step": 500}
{"base_lr": 2.1974687791861306e-05, "lr": 2.1974687791861306e-05, "data_time": 0.010254764556884765, "loss": 1.7458946108818054, "decode.loss_ce": 1.7458946108818054, "decode.acc_seg": 25.28228759765625, "time": 0.44442799091339114, "iter": 550, "memory": 661, "step": 550}
{"base_lr": 2.3976020013342307e-05, "lr": 2.3976020013342307e-05, "data_time": 0.009536385536193848, "loss": 1.6386093556880952, "decode.loss_ce": 1.6386093556880952, "decode.acc_seg": 24.637222290039062, "time": 0.4294419288635254, "iter": 600, "memory": 661, "step": 600}
{"base_lr": 2.597735223482329e-05, "lr": 2.597735223482329e-05, "data_time": 0.009373140335083009, "loss": 1.6211050748825073, "decode.loss_ce": 1.6211050748825073, "decode.acc_seg": 11.154937744140625, "time": 0.4494695901870728, "iter": 650, "memory": 661, "step": 650}
{"base_lr": 2.797868445630428e-05, "lr": 2.797868445630428e-05, "data_time": 0.008934354782104493, "loss": 2.001294660568237, "decode.loss_ce": 2.001294660568237, "decode.acc_seg": 6.649017333984375, "time": 0.42341904640197753, "iter": 700, "memory": 661, "step": 700}
{"base_lr": 2.99800166777853e-05, "lr": 2.99800166777853e-05, "data_time": 0.0087677001953125, "loss": 1.5696734189987183, "decode.loss_ce": 1.5696734189987183, "decode.acc_seg": 48.1964111328125, "time": 0.42702791690826414, "iter": 750, "memory": 661, "step": 750}
{"base_lr": 3.1981348899266314e-05, "lr": 3.1981348899266314e-05, "data_time": 0.008933043479919434, "loss": 1.7400397300720214, "decode.loss_ce": 1.7400397300720214, "decode.acc_seg": 4.558045260671939e-11, "time": 0.44010024070739745, "iter": 800, "memory": 661, "step": 800}
{"base_lr": 3.398268112074729e-05, "lr": 3.398268112074729e-05, "data_time": 0.008815956115722657, "loss": 1.6935387909412385, "decode.loss_ce": 1.6935387909412385, "decode.acc_seg": 0.852203369140625, "time": 0.4265338659286499, "iter": 850, "memory": 661, "step": 850}
{"base_lr": 3.5984013342228235e-05, "lr": 3.5984013342228235e-05, "data_time": 0.009770464897155762, "loss": 1.5499497473239898, "decode.loss_ce": 1.5499497473239898, "decode.acc_seg": 80.6488037109375, "time": 0.43760175704956056, "iter": 900, "memory": 661, "step": 900}
{"base_lr": 3.7985345563709256e-05, "lr": 3.7985345563709256e-05, "data_time": 0.010038304328918456, "loss": 1.3743249535560609, "decode.loss_ce": 1.3743249535560609, "decode.acc_seg": 72.55897521972656, "time": 0.4375070810317993, "iter": 950, "memory": 661, "step": 950}
{"base_lr": 3.998667778519025e-05, "lr": 3.998667778519025e-05, "data_time": 0.009475159645080566, "loss": 1.784950703382492, "decode.loss_ce": 1.784950703382492, "decode.acc_seg": 84.39979553222656, "time": 0.44828717708587645, "iter": 1000, "memory": 661, "step": 1000}
{"base_lr": 4.198801000667124e-05, "lr": 4.198801000667124e-05, "data_time": 0.009288644790649414, "loss": 1.379316806793213, "decode.loss_ce": 1.379316806793213, "decode.acc_seg": 77.90374755859375, "time": 0.4384192943572998, "iter": 1050, "memory": 661, "step": 1050}
{"base_lr": 4.398934222815225e-05, "lr": 4.398934222815225e-05, "data_time": 0.009226417541503907, "loss": 1.9336324691772462, "decode.loss_ce": 1.9336324691772462, "decode.acc_seg": 26.674270629882812, "time": 0.4340461254119873, "iter": 1100, "memory": 661, "step": 1100}
{"base_lr": 4.599067444963324e-05, "lr": 4.599067444963324e-05, "data_time": 0.009517312049865723, "loss": 1.731415034784004, "decode.loss_ce": 1.731415034784004, "decode.acc_seg": 60.26191711425781, "time": 0.4436304807662964, "iter": 1150, "memory": 661, "step": 1150}
{"base_lr": 4.7992006671114227e-05, "lr": 4.7992006671114227e-05, "data_time": 0.010021471977233886, "loss": 1.381979024410248, "decode.loss_ce": 1.381979024410248, "decode.acc_seg": 5.2806854248046875, "time": 0.44836413860321045, "iter": 1200, "memory": 661, "step": 1200}
{"base_lr": 4.999333889259521e-05, "lr": 4.999333889259521e-05, "data_time": 0.009948253631591797, "loss": 1.4613825678825378, "decode.loss_ce": 1.4613825678825378, "decode.acc_seg": 88.84162902832031, "time": 0.44265530109405515, "iter": 1250, "memory": 661, "step": 1250}
{"base_lr": 5.199467111407618e-05, "lr": 5.199467111407618e-05, "data_time": 0.009191226959228516, "loss": 1.844765442609787, "decode.loss_ce": 1.844765442609787, "decode.acc_seg": 22.636032104492188, "time": 0.4352057456970215, "iter": 1300, "memory": 661, "step": 1300}
{"base_lr": 5.399600333555716e-05, "lr": 5.399600333555716e-05, "data_time": 0.01018838882446289, "loss": 1.9630979180336, "decode.loss_ce": 1.9630979180336, "decode.acc_seg": 27.522659301757812, "time": 0.4485265493392944, "iter": 1350, "memory": 661, "step": 1350}
{"base_lr": 5.599733555703817e-05, "lr": 5.599733555703817e-05, "data_time": 0.010076212882995605, "loss": 1.8082484483718873, "decode.loss_ce": 1.8082484483718873, "decode.acc_seg": 10.130691528320312, "time": 0.44414377212524414, "iter": 1400, "memory": 661, "step": 1400}
{"base_lr": 5.799866777851912e-05, "lr": 5.799866777851912e-05, "data_time": 0.010041546821594239, "loss": 1.5771605253219605, "decode.loss_ce": 1.5771605253219605, "decode.acc_seg": 8.716583251953125, "time": 0.45199449062347413, "iter": 1450, "memory": 661, "step": 1450}
{"base_lr": 6.000000000000008e-05, "lr": 6.000000000000008e-05, "data_time": 0.00975503921508789,