{"base_lr": 5.827797020801385e-05, "lr": 5.827797020801385e-05, "data_time": 0.17605388164520264, "loss": 0.24236030131578445, "decode.loss_ce": 0.24236030131578445, "decode.acc_seg": 58.6279296875, "time": 1.6294785499572755, "iter": 6050, "memory": 28091, "step": 6050}
{"base_lr": 5.8259042643802056e-05, "lr": 5.8259042643802056e-05, "data_time": 0.11974406242370605, "loss": 0.21460665464401246, "decode.loss_ce": 0.21460665464401246, "decode.acc_seg": 70.87752532958984, "time": 1.5665708541870118, "iter": 6100, "memory": 17998, "step": 6100}
{"base_lr": 5.8240115079590264e-05, "lr": 5.8240115079590264e-05, "data_time": 0.05430207252502441, "loss": 0.26366153210401533, "decode.loss_ce": 0.26366153210401533, "decode.acc_seg": 55.882606506347656, "time": 1.4943033933639527, "iter": 6150, "memory": 17998, "step": 6150}
{"base_lr": 5.822118751537854e-05, "lr": 5.822118751537854e-05, "data_time": 0.028978776931762696, "loss": 0.2673150062561035, "decode.loss_ce": 0.2673150062561035, "decode.acc_seg": 55.81660461425781, "time": 1.4732776641845704, "iter": 6200, "memory": 17998, "step": 6200}
{"base_lr": 5.8202259951166796e-05, "lr": 5.8202259951166796e-05, "data_time": 0.07451813220977783, "loss": 0.24435083270072938, "decode.loss_ce": 0.24435083270072938, "decode.acc_seg": 62.37077713012695, "time": 1.5164361000061035, "iter": 6250, "memory": 17998, "step": 6250}
{"base_lr": 5.818333238695504e-05, "lr": 5.818333238695504e-05, "data_time": 0.061533021926879886, "loss": 0.23352060467004776, "decode.loss_ce": 0.23352060467004776, "decode.acc_seg": 77.08377075195312, "time": 1.500704002380371, "iter": 6300, "memory": 17998, "step": 6300}
{"base_lr": 5.816440482274331e-05, "lr": 5.816440482274331e-05, "data_time": 0.07247235774993896, "loss": 0.24233215749263765, "decode.loss_ce": 0.24233215749263765, "decode.acc_seg": 62.72406005859375, "time": 1.5121095657348633, "iter": 6350, "memory": 17998, "step": 6350}
{"base_lr": 5.814547725853154e-05, "lr": 5.814547725853154e-05, "data_time": 0.09074594974517822, "loss": 0.25073250383138657, "decode.loss_ce": 0.25073250383138657, "decode.acc_seg": 57.80072784423828, "time": 1.5327082872390747, "iter": 6400, "memory": 17998, "step": 6400}
{"base_lr": 5.8126549694319826e-05, "lr": 5.8126549694319826e-05, "data_time": 0.07062034606933594, "loss": 0.2541297242045403, "decode.loss_ce": 0.2541297242045403, "decode.acc_seg": 68.39747619628906, "time": 1.5119300603866577, "iter": 6450, "memory": 17998, "step": 6450}
{"base_lr": 5.8107622130108095e-05, "lr": 5.8107622130108095e-05, "data_time": 0.07475652694702148, "loss": 0.2632185310125351, "decode.loss_ce": 0.2632185310125351, "decode.acc_seg": 42.72822570800781, "time": 1.5224533081054688, "iter": 6500, "memory": 17998, "step": 6500}
{"base_lr": 5.8088694565896344e-05, "lr": 5.8088694565896344e-05, "data_time": 0.06593036651611328, "loss": 0.2528866618871689, "decode.loss_ce": 0.2528866618871689, "decode.acc_seg": 72.32193756103516, "time": 1.5128158807754517, "iter": 6550, "memory": 17998, "step": 6550}
{"base_lr": 5.806976700168455e-05, "lr": 5.806976700168455e-05, "data_time": 0.055941414833068845, "loss": 0.22667521834373475, "decode.loss_ce": 0.22667521834373475, "decode.acc_seg": 54.66844940185547, "time": 1.497444248199463, "iter": 6600, "memory": 17998, "step": 6600}
{"base_lr": 5.80508394374728e-05, "lr": 5.80508394374728e-05, "data_time": 0.09099471569061279, "loss": 0.26525397002696993, "decode.loss_ce": 0.26525397002696993, "decode.acc_seg": 55.40364074707031, "time": 1.5336418390274047, "iter": 6650, "memory": 17998, "step": 6650}
{"base_lr": 5.803191187326103e-05, "lr": 5.803191187326103e-05, "data_time": 0.10487067699432373, "loss": 0.24407064616680146, "decode.loss_ce": 0.24407064616680146, "decode.acc_seg": 64.13976287841797, "time": 1.552755093574524, "iter": 6700, "memory": 17998, "step": 6700}
{"base_lr": 5.801298430904928e-05, "lr": 5.801298430904928e-05, "data_time": 0.05331308841705322, "loss": 0.29829932898283007, "decode.loss_ce": 0.29829932898283007, "decode.acc_seg": 47.08821105957031, "time": 1.4943851947784423, "iter": 6750, "memory": 17998, "step": 6750}
{"base_lr": 5.799405674483752e-05, "lr": 5.799405674483752e-05, "data_time": 0.05491926670074463, "loss": 0.2647005632519722, "decode.loss_ce": 0.2647005632519722, "decode.acc_seg": 79.31523132324219, "time": 1.5371604919433595, "iter": 6800, "memory": 17998, "step": 6800}
{"base_lr": 5.7975129180625743e-05, "lr": 5.7975129180625743e-05, "data_time": 0.08660368919372559, "loss": 0.24078664183616638, "decode.loss_ce": 0.24078664183616638, "decode.acc_seg": 61.46125411987305, "time": 1.5238212585449218, "iter": 6850, "memory": 17998, "step": 6850}
{"base_lr": 5.795620161641402e-05, "lr": 5.795620161641402e-05, "data_time": 0.08804206848144532, "loss": 0.267516066133976, "decode.loss_ce": 0.267516066133976, "decode.acc_seg": 63.217308044433594, "time": 1.5290797472000122, "iter": 6900, "memory": 17998, "step": 6900}
{"base_lr": 5.793727405220228e-05, "lr": 5.793727405220228e-05, "data_time": 0.07472140789031982, "loss": 0.21994116082787513, "decode.loss_ce": 0.21994116082787513, "decode.acc_seg": 57.17265319824219, "time": 1.5168868541717528, "iter": 6950, "memory": 17998, "step": 6950}
{"base_lr": 5.7918346487990545e-05, "lr": 5.7918346487990545e-05, "data_time": 0.06321485042572021, "loss": 0.27866275459527967, "decode.loss_ce": 0.27866275459527967, "decode.acc_seg": 54.72080612182617, "time": 1.499517035484314, "iter": 7000, "memory": 17998, "step": 7000}
{"base_lr": 5.789941892377882e-05, "lr": 5.789941892377882e-05, "data_time": 0.048095989227294925, "loss": 0.23171890527009964, "decode.loss_ce": 0.23171890527009964, "decode.acc_seg": 62.906917572021484, "time": 1.4995423078536987, "iter": 7050, "memory": 17998, "step": 7050}
{"base_lr": 5.788049135956706e-05, "lr": 5.788049135956706e-05, "data_time": 0.10917332172393798, "loss": 0.22266817688941956, "decode.loss_ce": 0.22266817688941956, "decode.acc_seg": 73.82054138183594, "time": 1.5506057262420654, "iter": 7100, "memory": 17998, "step": 7100}
{"base_lr": 5.7861563795355325e-05, "lr": 5.7861563795355325e-05, "data_time": 0.08912322521209717, "loss": 0.24693533331155776, "decode.loss_ce": 0.24693533331155776, "decode.acc_seg": 77.3212890625, "time": 1.5346420288085938, "iter": 7150, "memory": 17998, "step": 7150}
{"base_lr": 5.7842636231143574e-05, "lr": 5.7842636231143574e-05, "data_time": 0.0928201675415039, "loss": 0.17722052931785584, "decode.loss_ce": 0.17722052931785584, "decode.acc_seg": 71.65145111083984, "time": 1.532386064529419, "iter": 7200, "memory": 17998, "step": 7200}
{"base_lr": 5.7823708666931817e-05, "lr": 5.7823708666931817e-05, "data_time": 0.07924802303314209, "loss": 0.24353449940681457, "decode.loss_ce": 0.24353449940681457, "decode.acc_seg": 69.26655578613281, "time": 1.5166707992553712, "iter": 7250, "memory": 17998, "step": 7250}
{"base_lr": 5.780478110272006e-05, "lr": 5.780478110272006e-05, "data_time": 0.047365427017211914, "loss": 0.2488246038556099, "decode.loss_ce": 0.2488246038556099, "decode.acc_seg": 71.10604858398438, "time": 1.4868378639221191, "iter": 7300, "memory": 17998, "step": 7300}
{"base_lr": 5.778585353850832e-05, "lr": 5.778585353850832e-05, "data_time": 0.05940234661102295, "loss": 0.24982353448867797, "decode.loss_ce": 0.24982353448867797, "decode.acc_seg": 56.35953140258789, "time": 1.4974061489105224, "iter": 7350, "memory": 17998, "step": 7350}
{"base_lr": 5.776692597429657e-05, "lr": 5.776692597429657e-05, "data_time": 0.10325713157653808, "loss": 0.24021880477666854, "decode.loss_ce": 0.24021880477666854, "decode.acc_seg": 77.85863494873047, "time": 1.551177167892456, "iter": 7400, "memory": 17998, "step": 7400}
