{"base_lr": 1.597069112741831e-05, "lr": 1.597069112741831e-05, "data_time": 1.7104855537414552, "loss": 1.417383074760437, "decode.loss_ce": 1.417383074760437, "decode.acc_seg": 65.81988525390625, "time": 1.979767656326294, "iter": 400, "memory": 13977, "step": 400}
{"base_lr": 3.1981348899266314e-05, "lr": 3.1981348899266314e-05, "data_time": 1.7011672973632812, "loss": 1.0829669654369354, "decode.loss_ce": 1.0829669654369354, "decode.acc_seg": 47.21711349487305, "time": 1.9689823389053345, "iter": 800, "memory": 6576, "step": 800}
{"base_lr": 4.7992006671114227e-05, "lr": 4.7992006671114227e-05, "data_time": 1.8031618356704713, "loss": 0.7037218511104584, "decode.loss_ce": 0.7037218511104584, "decode.acc_seg": 73.34874725341797, "time": 2.074328970909119, "iter": 1200, "memory": 6576, "step": 1200}
{"base_lr": 5.9962523422860786e-05, "lr": 5.9962523422860786e-05, "data_time": 1.6625888109207154, "loss": 0.8019991874694824, "decode.loss_ce": 0.8019991874694824, "decode.acc_seg": 72.32490539550781, "time": 1.9283171892166138, "iter": 1600, "memory": 6576, "step": 1600}
{"base_lr": 5.981110290916661e-05, "lr": 5.981110290916661e-05, "data_time": 1.6849058628082276, "loss": 0.8644319832324981, "decode.loss_ce": 0.8644319832324981, "decode.acc_seg": 72.03143310546875, "time": 1.9592472791671753, "iter": 2000, "memory": 6576, "step": 2000}
{"base_lr": 5.96596823954725e-05, "lr": 5.96596823954725e-05, "data_time": 1.6738259315490722, "loss": 0.6945612788200378, "decode.loss_ce": 0.6945612788200378, "decode.acc_seg": 77.29678344726562, "time": 1.9372062921524047, "iter": 2400, "memory": 6576, "step": 2400}
{"base_lr": 5.950826188177847e-05, "lr": 5.950826188177847e-05, "data_time": 1.680439281463623, "loss": 0.6141457498073578, "decode.loss_ce": 0.6141457498073578, "decode.acc_seg": 65.23196411132812, "time": 1.9514066696166992, "iter": 2800, "memory": 6576, "step": 2800}
{"base_lr": 5.9356841368084306e-05, "lr": 5.9356841368084306e-05, "data_time": 1.7267653226852417, "loss": 0.6588400214910507, "decode.loss_ce": 0.6588400214910507, "decode.acc_seg": 72.35102844238281, "time": 1.9918048858642579, "iter": 3200, "memory": 6576, "step": 3200}
{"base_lr": 5.920542085439027e-05, "lr": 5.920542085439027e-05, "data_time": 1.7205487966537476, "loss": 0.6713485568761826, "decode.loss_ce": 0.6713485568761826, "decode.acc_seg": 67.51140594482422, "time": 1.9991392850875855, "iter": 3600, "memory": 6576, "step": 3600}
{"base_lr": 5.905400034069617e-05, "lr": 5.905400034069617e-05, "data_time": 1.7544429063796998, "loss": 0.6396630972623825, "decode.loss_ce": 0.6396630972623825, "decode.acc_seg": 82.0746078491211, "time": 2.0221882343292235, "iter": 4000, "memory": 6576, "step": 4000}
{"base_lr": 5.890257982700204e-05, "lr": 5.890257982700204e-05, "data_time": 1.690346646308899, "loss": 0.5968193054199219, "decode.loss_ce": 0.5968193054199219, "decode.acc_seg": 89.14569091796875, "time": 1.953954315185547, "iter": 4400, "memory": 6576, "step": 4400}
{"base_lr": 5.875115931330789e-05, "lr": 5.875115931330789e-05, "data_time": 1.7886375427246093, "loss": 0.6727081656455993, "decode.loss_ce": 0.6727081656455993, "decode.acc_seg": 76.0430908203125, "time": 2.057345485687256, "iter": 4800, "memory": 6576, "step": 4800}
{"base_lr": 5.859973879961377e-05, "lr": 5.859973879961377e-05, "data_time": 1.7931197166442872, "loss": 0.5532429948449135, "decode.loss_ce": 0.5532429948449135, "decode.acc_seg": 82.96105194091797, "time": 2.0705129384994505, "iter": 5200, "memory": 6576, "step": 5200}
{"base_lr": 5.844831828591967e-05, "lr": 5.844831828591967e-05, "data_time": 1.673841619491577, "loss": 0.6642351388931275, "decode.loss_ce": 0.6642351388931275, "decode.acc_seg": 82.64653015136719, "time": 1.9485922574996948, "iter": 5600, "memory": 6576, "step": 5600}
{"base_lr": 5.8296897772225646e-05, "lr": 5.8296897772225646e-05, "data_time": 1.7080276489257813, "loss": 0.5687384068965912, "decode.loss_ce": 0.5687384068965912, "decode.acc_seg": 81.58674621582031, "time": 1.972801637649536, "iter": 6000, "memory": 6576, "step": 6000}
{"base_lr": 5.814547725853154e-05, "lr": 5.814547725853154e-05, "data_time": 1.7598020553588867, "loss": 0.7170553803443909, "decode.loss_ce": 0.7170553803443909, "decode.acc_seg": 64.2701644897461, "time": 2.0268897294998167, "iter": 6400, "memory": 6576, "step": 6400}
{"base_lr": 5.799405674483752e-05, "lr": 5.799405674483752e-05, "data_time": 1.8608659744262694, "loss": 0.49195729196071625, "decode.loss_ce": 0.49195729196071625, "decode.acc_seg": 86.95521545410156, "time": 2.1302905797958376, "iter": 6800, "memory": 6576, "step": 6800}
{"base_lr": 5.7842636231143574e-05, "lr": 5.7842636231143574e-05, "data_time": 1.851604127883911, "loss": 0.49095735251903533, "decode.loss_ce": 0.49095735251903533, "decode.acc_seg": 89.76609802246094, "time": 2.126749348640442, "iter": 7200, "memory": 6576, "step": 7200}
{"base_lr": 5.769121571744966e-05, "lr": 5.769121571744966e-05, "data_time": 1.7124396562576294, "loss": 0.5562111645936966, "decode.loss_ce": 0.5562111645936966, "decode.acc_seg": 81.6579818725586, "time": 1.9808885335922242, "iter": 7600, "memory": 6576, "step": 7600}
{"base_lr": 5.753979520375554e-05, "lr": 5.753979520375554e-05, "data_time": 1.8154279232025146, "loss": 0.5535463064908981, "decode.loss_ce": 0.5535463064908981, "decode.acc_seg": 79.39996337890625, "time": 2.0890994310379027, "iter": 8000, "memory": 6576, "step": 8000}
{"base_lr": 5.738837469006157e-05, "lr": 5.738837469006157e-05, "data_time": 1.741757321357727, "loss": 0.4916892766952515, "decode.loss_ce": 0.4916892766952515, "decode.acc_seg": 80.81851196289062, "time": 2.0076473712921143, "iter": 8400, "memory": 6576, "step": 8400}
{"base_lr": 5.7236954176367434e-05, "lr": 5.7236954176367434e-05, "data_time": 1.7140909433364868, "loss": 0.5289947152137756, "decode.loss_ce": 0.5289947152137756, "decode.acc_seg": 83.07414245605469, "time": 1.986578369140625, "iter": 8800, "memory": 6576, "step": 8800}
{"base_lr": 5.7085533662673303e-05, "lr": 5.7085533662673303e-05, "data_time": 1.7052413463592528, "loss": 0.5629147797822952, "decode.loss_ce": 0.5629147797822952, "decode.acc_seg": 76.3482437133789, "time": 1.9729427814483642, "iter": 9200, "memory": 6576, "step": 9200}
{"base_lr": 5.693411314897919e-05, "lr": 5.693411314897919e-05, "data_time": 1.707873249053955, "loss": 0.4920603334903717, "decode.loss_ce": 0.4920603334903717, "decode.acc_seg": 86.69123077392578, "time": 1.977953314781189, "iter": 9600, "memory": 6576, "step": 9600}
{"base_lr": 5.6782692635285125e-05, "lr": 5.6782692635285125e-05, "data_time": 1.7400988340377808, "loss": 0.6016778975725174, "decode.loss_ce": 0.6016778975725174, "decode.acc_seg": 84.7146987915039, "time": 2.0038455724716187, "iter": 10000, "memory": 6576, "step": 10000}
{"base_lr": 5.6631272121591056e-05, "lr": 5.6631272121591056e-05, "data_time": 1.6912482023239135, "loss": 0.5783266752958298, "decode.loss_ce": 0.5783266752958298, "decode.acc_seg": 74.72884368896484, "time": 1.958671998977661, "iter": 10400, "memory": 6576, "step": 10400}
{"base_lr": 5.647985160789708e-05, "lr": 5.647985160789708e-05, "data_time": 1.5689745187759399, "loss": 0.5769227713346481, "decode.loss_ce": 0.5769227713346481, "decode.acc_seg": 68.61428833007812, "time": 1.828606915473938, "iter": 10800, "memory": 6576, "step": 10800}
{"base_lr": 5.632843109420302e-05, "lr": 5.632843109420302e-05, "data_time": 1.5013283252716065, "loss": 0.5055380970239639, "decode.loss_ce": 0.5055380970239639, "decode.acc_seg": 83.02922058105469, "time": 1.7609797477722169, "iter": 11200, "memory": 6576, "step": 11200}
