{"aAcc": 86.17, "mIoU": 70.6, "mAcc": 82.84, "data_time": 57.483388883802625, "time": 57.734357045491535}