{"base_lr": 1.9613655770513682e-06, "lr": 1.9613655770513682e-06, "data_time": 1.382495641708374, "loss": 2.2912069082260134, "decode.loss_ce": 2.2912069082260134, "decode.acc_seg": 10.727246284484863, "time": 2.026848864555359, "iter": 50, "memory": 11657, "step": 50}
{"base_lr": 3.962697798532355e-06, "lr": 3.962697798532355e-06, "data_time": 1.9008896350860596, "loss": 2.14066903591156, "decode.loss_ce": 2.14066903591156, "decode.acc_seg": 23.180055618286133, "time": 2.5067556381225584, "iter": 100, "memory": 4618, "step": 100}
