{"base_lr": 1.9613655770513682e-06, "lr": 1.9613655770513682e-06, "data_time": 0.015272307395935058, "loss": 2.331208109855652, "decode.loss_ce": 2.331208109855652, "decode.acc_seg": 8.458137512207031, "time": 0.557008695602417, "iter": 50, "memory": 10088, "step": 50}
{"base_lr": 3.962697798532355e-06, "lr": 3.962697798532355e-06, "data_time": 0.284793758392334, "loss": 2.1855615615844726, "decode.loss_ce": 2.1855615615844726, "decode.acc_seg": 50.400352478027344, "time": 0.9717819929122925, "iter": 100, "memory": 2362, "step": 100}
{"base_lr": 5.964030020013346e-06, "lr": 5.964030020013346e-06, "data_time": 0.2466282367706299, "loss": 1.9428505301475525, "decode.loss_ce": 1.9428505301475525, "decode.acc_seg": 26.189136505126953, "time": 0.8039880275726319, "iter": 150, "memory": 2362, "step": 150}
{"base_lr": 7.965362241494336e-06, "lr": 7.965362241494336e-06, "data_time": 0.3321098566055298, "loss": 1.9081172466278076, "decode.loss_ce": 1.9081172466278076, "decode.acc_seg": 38.978004455566406, "time": 0.8799191236495971, "iter": 200, "memory": 2362, "step": 200}
{"base_lr": 9.96669446297533e-06, "lr": 9.96669446297533e-06, "data_time": 0.014625930786132812, "loss": 1.8720457077026367, "decode.loss_ce": 1.8720457077026367, "decode.acc_seg": 31.910324096679688, "time": 0.5644940137863159, "iter": 250, "memory": 2362, "step": 250}
{"base_lr": 1.1968026684456319e-05, "lr": 1.1968026684456319e-05, "data_time": 0.01417086124420166, "loss": 1.708318281173706, "decode.loss_ce": 1.708318281173706, "decode.acc_seg": 63.82341384887695, "time": 0.5593521118164062, "iter": 300, "memory": 2362, "step": 300}
{"base_lr": 1.3969358905937323e-05, "lr": 1.3969358905937323e-05, "data_time": 0.013313603401184083, "loss": 1.7325310945510863, "decode.loss_ce": 1.7325310945510863, "decode.acc_seg": 35.67790985107422, "time": 0.6634217500686646, "iter": 350, "memory": 2362, "step": 350}
{"base_lr": 1.597069112741831e-05, "lr": 1.597069112741831e-05, "data_time": 0.013942599296569824, "loss": 1.7699738979339599, "decode.loss_ce": 1.7699738979339599, "decode.acc_seg": 22.62258529663086, "time": 0.6043253421783448, "iter": 400, "memory": 2362, "step": 400}
{"base_lr": 1.797202334889931e-05, "lr": 1.797202334889931e-05, "data_time": 0.014863204956054688, "loss": 1.6267283082008361, "decode.loss_ce": 1.6267283082008361, "decode.acc_seg": 13.917160034179688, "time": 0.7169558525085449, "iter": 450, "memory": 2362, "step": 450}
{"base_lr": 1.9973355570380306e-05, "lr": 1.9973355570380306e-05, "data_time": 0.01501028537750244, "loss": 1.559054672718048, "decode.loss_ce": 1.559054672718048, "decode.acc_seg": 61.816978454589844, "time": 0.5781410455703735, "iter": 500, "memory": 2362, "step": 500}
{"base_lr": 2.1974687791861306e-05, "lr": 2.1974687791861306e-05, "data_time": 0.014542269706726074, "loss": 1.4572653651237488, "decode.loss_ce": 1.4572653651237488, "decode.acc_seg": 21.427501678466797, "time": 0.5549029111862183, "iter": 550, "memory": 2362, "step": 550}
{"base_lr": 2.3976020013342307e-05, "lr": 2.3976020013342307e-05, "data_time": 0.014574456214904784, "loss": 1.6027994871139526, "decode.loss_ce": 1.6027994871139526, "decode.acc_seg": 42.2856559753418, "time": 0.5616426706314087, "iter": 600, "memory": 2362, "step": 600}
{"base_lr": 2.597735223482329e-05, "lr": 2.597735223482329e-05, "data_time": 0.017024874687194824, "loss": 1.5088159084320067, "decode.loss_ce": 1.5088159084320067, "decode.acc_seg": 55.544471740722656, "time": 0.5628656864166259, "iter": 650, "memory": 2362, "step": 650}
{"base_lr": 2.797868445630428e-05, "lr": 2.797868445630428e-05, "data_time": 0.014664745330810547, "loss": 1.5707226276397706, "decode.loss_ce": 1.5707226276397706, "decode.acc_seg": 1.0111490488052368, "time": 0.5568583726882934, "iter": 700, "memory": 2362, "step": 700}
{"base_lr": 2.99800166777853e-05, "lr": 2.99800166777853e-05, "data_time": 0.37756359577178955, "loss": 1.6828876852989196, "decode.loss_ce": 1.6828876852989196, "decode.acc_seg": 41.62006378173828, "time": 0.9398409366607666, "iter": 750, "memory": 2362, "step": 750}
{"base_lr": 3.1981348899266314e-05, "lr": 3.1981348899266314e-05, "data_time": 0.26909456253051756, "loss": 1.3359962165355683, "decode.loss_ce": 1.3359962165355683, "decode.acc_seg": 54.4281005859375, "time": 0.9444462537765503, "iter": 800, "memory": 2362, "step": 800}
{"base_lr": 3.398268112074729e-05, "lr": 3.398268112074729e-05, "data_time": 0.3172508955001831, "loss": 1.739656352996826, "decode.loss_ce": 1.739656352996826, "decode.acc_seg": 33.41726303100586, "time": 0.8576019287109375, "iter": 850, "memory": 2362, "step": 850}
{"base_lr": 3.5984013342228235e-05, "lr": 3.5984013342228235e-05, "data_time": 0.013363075256347657, "loss": 1.430626529455185, "decode.loss_ce": 1.430626529455185, "decode.acc_seg": 42.21442794799805, "time": 0.5763602495193482, "iter": 900, "memory": 2362, "step": 900}
{"base_lr": 3.7985345563709256e-05, "lr": 3.7985345563709256e-05, "data_time": 0.01493821144104004, "loss": 1.698324966430664, "decode.loss_ce": 1.698324966430664, "decode.acc_seg": 15.293702125549316, "time": 0.5719161987304687, "iter": 950, "memory": 2362, "step": 950}
{"base_lr": 3.998667778519025e-05, "lr": 3.998667778519025e-05, "data_time": 0.014664554595947265, "loss": 1.385111504793167, "decode.loss_ce": 1.385111504793167, "decode.acc_seg": 50.801780700683594, "time": 0.5602558612823486, "iter": 1000, "memory": 2362, "step": 1000}
{"base_lr": 4.198801000667124e-05, "lr": 4.198801000667124e-05, "data_time": 0.014879608154296875, "loss": 1.565351915359497, "decode.loss_ce": 1.565351915359497, "decode.acc_seg": 30.470645904541016, "time": 0.5694787740707398, "iter": 1050, "memory": 2362, "step": 1050}
{"base_lr": 4.398934222815225e-05, "lr": 4.398934222815225e-05, "data_time": 0.04452953338623047, "loss": 1.2325040400028229, "decode.loss_ce": 1.2325040400028229, "decode.acc_seg": 75.4686508178711, "time": 0.5871363401412963, "iter": 1100, "memory": 2362, "step": 1100}
{"base_lr": 4.599067444963324e-05, "lr": 4.599067444963324e-05, "data_time": 0.18032541275024414, "loss": 1.5192740559577942, "decode.loss_ce": 1.5192740559577942, "decode.acc_seg": 38.7293815612793, "time": 0.7263185262680054, "iter": 1150, "memory": 2362, "step": 1150}
{"base_lr": 4.7992006671114227e-05, "lr": 4.7992006671114227e-05, "data_time": 0.014639544486999511, "loss": 1.5305483162403106, "decode.loss_ce": 1.5305483162403106, "decode.acc_seg": 41.02640151977539, "time": 0.5724153995513916, "iter": 1200, "memory": 2362, "step": 1200}
{"base_lr": 4.999333889259521e-05, "lr": 4.999333889259521e-05, "data_time": 0.01593332290649414, "loss": 1.4890998482704163, "decode.loss_ce": 1.4890998482704163, "decode.acc_seg": 37.651248931884766, "time": 0.5720989465713501, "iter": 1250, "memory": 2362, "step": 1250}
{"base_lr": 5.199467111407618e-05, "lr": 5.199467111407618e-05, "data_time": 0.017701196670532226, "loss": 1.4533124208450316, "decode.loss_ce": 1.4533124208450316, "decode.acc_seg": 51.2027587890625, "time": 0.5683604001998901, "iter": 1300, "memory": 2362, "step": 1300}
{"base_lr": 5.399600333555716e-05, "lr": 5.399600333555716e-05, "data_time": 0.01486670970916748, "loss": 1.4322771370410918, "decode.loss_ce": 1.4322771370410918, "decode.acc_seg": 47.02726745605469, "time": 0.5794277429580689, "iter": 1350, "memory": 2362, "step": 1350}
{"base_lr": 5.599733555703817e-05, "lr": 5.599733555703817e-05, "data_time": 0.07449686527252197, "loss": 1.543277531862259, "decode.loss_ce": 1.543277531862259, "decode.acc_seg": 38.9002799987793, "time": 0.6341999769210815, "iter": 1400, "memory": 2362, "step": 1400}
{"base_lr": 5.799866777851912e-05, "lr": 5.799866777851912e-05, "data_time": 0.015015387535095214, "loss": 1.2852101147174835, "decode.loss_ce": 1.2852101147174835, "decode.acc_seg": 52.321720123291016, "time": 0.5747908592224121, "iter": 1450, "memory": 2362, "step": 1450}
{"base_lr": 6.000000000000008e-05, "lr": 6.000000000000008e-05, "data_time": 0.015490913391113281,