{"base_lr": 5.449245736566189e-05, "lr": 5.449245736566189e-05, "data_time": 0.17934293746948243, "loss": 1.072544628381729, "decode.loss_ce": 1.072544628381729, "decode.acc_seg": 88.53759765625, "time": 0.257588791847229, "iter": 16050, "memory": 958, "step": 16050}
