{"base_lr": 1.9613655770513682e-06, "lr": 1.9613655770513682e-06, "data_time": 0.4747553586959839, "loss": 2.2788612484931945, "decode.loss_ce": 2.2788612484931945, "decode.acc_seg": 19.833946228027344, "time": 0.6098686456680298, "iter": 50, "memory": 5014, "step": 50}
{"base_lr": 3.962697798532355e-06, "lr": 3.962697798532355e-06, "data_time": 0.5250356435775757, "loss": 2.072940909862518, "decode.loss_ce": 2.072940909862518, "decode.acc_seg": 39.28794860839844, "time": 0.6726502418518067, "iter": 100, "memory": 1223, "step": 100}
{"base_lr": 5.964030020013346e-06, "lr": 5.964030020013346e-06, "data_time": 0.5497911930084228, "loss": 2.025460755825043, "decode.loss_ce": 2.025460755825043, "decode.acc_seg": 2.2737367544323206e-11, "time": 0.6747126340866089, "iter": 150, "memory": 1223, "step": 150}
{"base_lr": 7.965362241494336e-06, "lr": 7.965362241494336e-06, "data_time": 0.5340335607528687, "loss": 2.0264176964759826, "decode.loss_ce": 2.0264176964759826, "decode.acc_seg": 30.43060302734375, "time": 0.6560774803161621, "iter": 200, "memory": 1223, "step": 200}
{"base_lr": 9.96669446297533e-06, "lr": 9.96669446297533e-06, "data_time": 0.46761045455932615, "loss": 1.9317303776741028, "decode.loss_ce": 1.9317303776741028, "decode.acc_seg": 46.13819122314453, "time": 0.5939733743667602, "iter": 250, "memory": 1223, "step": 250}
{"base_lr": 1.1968026684456319e-05, "lr": 1.1968026684456319e-05, "data_time": 0.4579594135284424, "loss": 1.8176419377326964, "decode.loss_ce": 1.8176419377326964, "decode.acc_seg": 35.33363342285156, "time": 0.5857902050018311, "iter": 300, "memory": 1223, "step": 300}
{"base_lr": 1.3969358905937323e-05, "lr": 1.3969358905937323e-05, "data_time": 0.39202520847320554, "loss": 1.8317908585071563, "decode.loss_ce": 1.8317908585071563, "decode.acc_seg": 45.13969421386719, "time": 0.5118527412414551, "iter": 350, "memory": 1223, "step": 350}
{"base_lr": 1.597069112741831e-05, "lr": 1.597069112741831e-05, "data_time": 0.3893679857254028, "loss": 1.6557258248329163, "decode.loss_ce": 1.6557258248329163, "decode.acc_seg": 0.84228515625, "time": 0.5130654335021972, "iter": 400, "memory": 1223, "step": 400}
{"base_lr": 1.797202334889931e-05, "lr": 1.797202334889931e-05, "data_time": 0.4114185571670532, "loss": 1.7094802498817443, "decode.loss_ce": 1.7094802498817443, "decode.acc_seg": 11.069177627563477, "time": 0.5398768663406373, "iter": 450, "memory": 1223, "step": 450}
{"base_lr": 1.9973355570380306e-05, "lr": 1.9973355570380306e-05, "data_time": 0.38467845916748045, "loss": 1.5684982657432556, "decode.loss_ce": 1.5684982657432556, "decode.acc_seg": 0.01125335693359375, "time": 0.5161928653717041, "iter": 500, "memory": 1223, "step": 500}
{"base_lr": 2.1974687791861306e-05, "lr": 2.1974687791861306e-05, "data_time": 0.383746337890625, "loss": 1.5124732673168182, "decode.loss_ce": 1.5124732673168182, "decode.acc_seg": 49.611854553222656, "time": 0.5029597282409668, "iter": 550, "memory": 1223, "step": 550}
{"base_lr": 2.3976020013342307e-05, "lr": 2.3976020013342307e-05, "data_time": 0.39234232902526855, "loss": 1.4873177647590636, "decode.loss_ce": 1.4873177647590636, "decode.acc_seg": 9.90447998046875, "time": 0.5130174875259399, "iter": 600, "memory": 1223, "step": 600}
{"base_lr": 2.597735223482329e-05, "lr": 2.597735223482329e-05, "data_time": 0.3670643329620361, "loss": 1.5925432085990905, "decode.loss_ce": 1.5925432085990905, "decode.acc_seg": 33.42304229736328, "time": 0.486856484413147, "iter": 650, "memory": 1223, "step": 650}
{"base_lr": 2.797868445630428e-05, "lr": 2.797868445630428e-05, "data_time": 0.4820101261138916, "loss": 1.5786620140075684, "decode.loss_ce": 1.5786620140075684, "decode.acc_seg": 30.145835876464844, "time": 0.6104559659957886, "iter": 700, "memory": 1223, "step": 700}
{"base_lr": 2.99800166777853e-05, "lr": 2.99800166777853e-05, "data_time": 0.3790768623352051, "loss": 1.6188872933387757, "decode.loss_ce": 1.6188872933387757, "decode.acc_seg": 7.853507995605469, "time": 0.5097357511520386, "iter": 750, "memory": 1223, "step": 750}
{"base_lr": 3.1981348899266314e-05, "lr": 3.1981348899266314e-05, "data_time": 0.3796652317047119, "loss": 1.338112610578537, "decode.loss_ce": 1.338112610578537, "decode.acc_seg": 38.992881774902344, "time": 0.5125621557235718, "iter": 800, "memory": 1223, "step": 800}
{"base_lr": 3.398268112074729e-05, "lr": 3.398268112074729e-05, "data_time": 0.3925291061401367, "loss": 1.2341783583164214, "decode.loss_ce": 1.2341783583164214, "decode.acc_seg": 5.114173889160156, "time": 0.5159125566482544, "iter": 850, "memory": 1223, "step": 850}
