{"base_lr": 1.9613655770513682e-06, "lr": 1.9613655770513682e-06, "data_time": 0.2619312763214111, "loss": 0.5456991553306579, "decode.loss_ce": 0.5456991553306579, "decode.acc_seg": 46.586097717285156, "time": 1.7025298595428466, "iter": 50, "memory": 28063, "step": 50}
{"base_lr": 3.962697798532355e-06, "lr": 3.962697798532355e-06, "data_time": 0.20967862606048585, "loss": 0.5134578704833984, "decode.loss_ce": 0.5134578704833984, "decode.acc_seg": 21.00691795349121, "time": 1.6497308015823364, "iter": 100, "memory": 17997, "step": 100}
{"base_lr": 5.964030020013346e-06, "lr": 5.964030020013346e-06, "data_time": 0.3050665855407715, "loss": 0.450399911403656, "decode.loss_ce": 0.450399911403656, "decode.acc_seg": 36.87815475463867, "time": 1.7530272722244262, "iter": 150, "memory": 17997, "step": 150}
{"base_lr": 7.965362241494336e-06, "lr": 7.965362241494336e-06, "data_time": 0.23448569774627687, "loss": 0.4296986997127533, "decode.loss_ce": 0.4296986997127533, "decode.acc_seg": 32.65715789794922, "time": 1.7454710006713867, "iter": 200, "memory": 17997, "step": 200}
{"base_lr": 9.96669446297533e-06, "lr": 9.96669446297533e-06, "data_time": 0.26474614143371583, "loss": 0.4131469279527664, "decode.loss_ce": 0.4131469279527664, "decode.acc_seg": 40.453243255615234, "time": 1.70568950176239, "iter": 250, "memory": 17997, "step": 250}
{"base_lr": 1.1968026684456319e-05, "lr": 1.1968026684456319e-05, "data_time": 0.22113468647003173, "loss": 0.38470096588134767, "decode.loss_ce": 0.38470096588134767, "decode.acc_seg": 34.918392181396484, "time": 1.664288091659546, "iter": 300, "memory": 17997, "step": 300}
{"base_lr": 1.3969358905937323e-05, "lr": 1.3969358905937323e-05, "data_time": 0.26786696910858154, "loss": 0.34965346455574037, "decode.loss_ce": 0.34965346455574037, "decode.acc_seg": 40.88727569580078, "time": 1.7108663320541382, "iter": 350, "memory": 17997, "step": 350}
{"base_lr": 1.597069112741831e-05, "lr": 1.597069112741831e-05, "data_time": 0.28045647144317626, "loss": 0.40571857392787936, "decode.loss_ce": 0.40571857392787936, "decode.acc_seg": 49.86228942871094, "time": 1.7247374534606934, "iter": 400, "memory": 17997, "step": 400}
{"base_lr": 1.797202334889931e-05, "lr": 1.797202334889931e-05, "data_time": 0.34400460720062254, "loss": 0.345999076962471, "decode.loss_ce": 0.345999076962471, "decode.acc_seg": 74.6605453491211, "time": 1.8024601697921754, "iter": 450, "memory": 17997, "step": 450}
{"base_lr": 1.9973355570380306e-05, "lr": 1.9973355570380306e-05, "data_time": 0.2720999002456665, "loss": 0.39767822027206423, "decode.loss_ce": 0.39767822027206423, "decode.acc_seg": 32.311954498291016, "time": 1.7180121421813965, "iter": 500, "memory": 17997, "step": 500}
{"base_lr": 2.1974687791861306e-05, "lr": 2.1974687791861306e-05, "data_time": 0.2682121992111206, "loss": 0.3519964873790741, "decode.loss_ce": 0.3519964873790741, "decode.acc_seg": 53.35211944580078, "time": 1.7159897565841675, "iter": 550, "memory": 17997, "step": 550}
{"base_lr": 2.3976020013342307e-05, "lr": 2.3976020013342307e-05, "data_time": 0.2560373067855835, "loss": 0.33813145756721497, "decode.loss_ce": 0.33813145756721497, "decode.acc_seg": 47.843482971191406, "time": 1.699398899078369, "iter": 600, "memory": 17997, "step": 600}
{"base_lr": 2.597735223482329e-05, "lr": 2.597735223482329e-05, "data_time": 0.22238004207611084, "loss": 0.36503327190876006, "decode.loss_ce": 0.36503327190876006, "decode.acc_seg": 57.58171081542969, "time": 1.6656647682189942, "iter": 650, "memory": 17997, "step": 650}
{"base_lr": 2.797868445630428e-05, "lr": 2.797868445630428e-05, "data_time": 0.25512397289276123, "loss": 0.34187708497047425, "decode.loss_ce": 0.34187708497047425, "decode.acc_seg": 55.8033561706543, "time": 1.6924559116363525, "iter": 700, "memory": 17997, "step": 700}
{"base_lr": 2.99800166777853e-05, "lr": 2.99800166777853e-05, "data_time": 0.24433450698852538, "loss": 0.3353703558444977, "decode.loss_ce": 0.3353703558444977, "decode.acc_seg": 55.94150924682617, "time": 1.6841592073440552, "iter": 750, "memory": 17997, "step": 750}
{"base_lr": 3.1981348899266314e-05, "lr": 3.1981348899266314e-05, "data_time": 0.2521274328231812, "loss": 0.3380427032709122, "decode.loss_ce": 0.3380427032709122, "decode.acc_seg": 32.13520050048828, "time": 1.6936808824539185, "iter": 800, "memory": 17997, "step": 800}
{"base_lr": 3.398268112074729e-05, "lr": 3.398268112074729e-05, "data_time": 0.23958053588867187, "loss": 0.320721247792244, "decode.loss_ce": 0.320721247792244, "decode.acc_seg": 68.45394134521484, "time": 1.6770126342773437, "iter": 850, "memory": 17997, "step": 850}
{"base_lr": 3.5984013342228235e-05, "lr": 3.5984013342228235e-05, "data_time": 0.26329333782196046, "loss": 0.33296077847480776, "decode.loss_ce": 0.33296077847480776, "decode.acc_seg": 40.931190490722656, "time": 1.71431245803833, "iter": 900, "memory": 17997, "step": 900}
{"base_lr": 3.7985345563709256e-05, "lr": 3.7985345563709256e-05, "data_time": 0.312516975402832, "loss": 0.361336824297905, "decode.loss_ce": 0.361336824297905, "decode.acc_seg": 33.46292495727539, "time": 1.758622407913208, "iter": 950, "memory": 17997, "step": 950}
{"base_lr": 3.998667778519025e-05, "lr": 3.998667778519025e-05, "data_time": 0.2757966756820679, "loss": 0.3116945862770081, "decode.loss_ce": 0.3116945862770081, "decode.acc_seg": 73.77327728271484, "time": 1.7241316556930542, "iter": 1000, "memory": 17997, "step": 1000}
{"base_lr": 4.198801000667124e-05, "lr": 4.198801000667124e-05, "data_time": 0.3217636585235596, "loss": 0.32069255858659745, "decode.loss_ce": 0.32069255858659745, "decode.acc_seg": 51.56515121459961, "time": 1.7697372436523438, "iter": 1050, "memory": 17997, "step": 1050}
{"base_lr": 4.398934222815225e-05, "lr": 4.398934222815225e-05, "data_time": 0.30251421928405764, "loss": 0.29284935891628266, "decode.loss_ce": 0.29284935891628266, "decode.acc_seg": 51.31262969970703, "time": 1.7493158102035522, "iter": 1100, "memory": 17997, "step": 1100}
{"base_lr": 4.599067444963324e-05, "lr": 4.599067444963324e-05, "data_time": 0.2544762134552002, "loss": 0.2979376047849655, "decode.loss_ce": 0.2979376047849655, "decode.acc_seg": 49.91257095336914, "time": 1.6964543104171752, "iter": 1150, "memory": 17997, "step": 1150}
{"base_lr": 4.7992006671114227e-05, "lr": 4.7992006671114227e-05, "data_time": 0.24496243000030518, "loss": 0.32119694650173186, "decode.loss_ce": 0.32119694650173186, "decode.acc_seg": 31.517086029052734, "time": 1.6803523063659669, "iter": 1200, "memory": 17997, "step": 1200}
{"base_lr": 4.999333889259521e-05, "lr": 4.999333889259521e-05, "data_time": 0.24372928142547606, "loss": 0.32688671052455903, "decode.loss_ce": 0.32688671052455903, "decode.acc_seg": 65.00196838378906, "time": 1.6769006729125977, "iter": 1250, "memory": 17997, "step": 1250}
{"base_lr": 5.199467111407618e-05, "lr": 5.199467111407618e-05, "data_time": 0.3008380174636841, "loss": 0.316198518872261, "decode.loss_ce": 0.316198518872261, "decode.acc_seg": 27.97624969482422, "time": 1.731341290473938, "iter": 1300, "memory": 17997, "step": 1300}
{"base_lr": 5.399600333555716e-05, "lr": 5.399600333555716e-05, "data_time": 0.23474385738372802, "loss": 0.30772342830896376, "decode.loss_ce": 0.30772342830896376, "decode.acc_seg": 50.36460494995117, "time": 1.6692917108535767, "iter": 1350, "memory": 17997, "step": 1350}
{"base_lr": 5.599733555703817e-05, "lr": 5.599733555703817e-05, "data_time": 0.24921207427978515, "loss": 0.30196537673473356, "decode.loss_ce": 0.30196537673473356, "decode.acc_seg": 36.25621795654297, "time": 1.6837671279907227, "iter": 1400, "memory": 17997, "step": 1400}
{"base_lr": 5.799866777851912e-05, "lr": 5.799866777851912e-05, "data_time": 0.28267364501953124, "loss": 0.2991115480661392, "decode.loss_ce": 0.2991115480661392, "decode.acc_seg": 47.48170471191406, "time": 1.7157413005828857, "iter": 1450, "memory": 17997, "step": 1450}
{"base_lr": 6.000000000000008e-05, "lr": 6.000000000000008e-05,