{"aAcc": 87.55, "mIoU": 70.16, "mAcc": 81.83, "data_time": 0.14295272278574717, "time": 1.4038925613977213}