{"aAcc": 88.66, "mIoU": 74.69, "mAcc": 85.49, "data_time": 112.78652288217461, "time": 113.89863406029423}