{"base_lr": 5.979217534495485e-05, "lr": 5.979217534495485e-05, "data_time": 0.3304380178451538, "loss": 0.36783705055713656, "decode.loss_ce": 0.36783705055713656, "decode.acc_seg": 49.61256408691406, "time": 1.786883544921875, "iter": 2050, "memory": 28091, "step": 2050}
{"base_lr": 5.977324778074308e-05, "lr": 5.977324778074308e-05, "data_time": 0.3015611171722412, "loss": 0.37748541831970217, "decode.loss_ce": 0.37748541831970217, "decode.acc_seg": 41.273887634277344, "time": 1.7594806432724, "iter": 2100, "memory": 17998, "step": 2100}
{"base_lr": 5.975432021653133e-05, "lr": 5.975432021653133e-05, "data_time": 0.35790133476257324, "loss": 0.30894819349050523, "decode.loss_ce": 0.30894819349050523, "decode.acc_seg": 41.31171417236328, "time": 1.8157829761505127, "iter": 2150, "memory": 17998, "step": 2150}
{"base_lr": 5.973539265231957e-05, "lr": 5.973539265231957e-05, "data_time": 0.33542015552520754, "loss": 0.32932921051979064, "decode.loss_ce": 0.32932921051979064, "decode.acc_seg": 35.93778610229492, "time": 1.7900251150131226, "iter": 2200, "memory": 17998, "step": 2200}
{"base_lr": 5.971646508810782e-05, "lr": 5.971646508810782e-05, "data_time": 0.3318291902542114, "loss": 0.3501788318157196, "decode.loss_ce": 0.3501788318157196, "decode.acc_seg": 54.953636169433594, "time": 1.7871111154556274, "iter": 2250, "memory": 17998, "step": 2250}
{"base_lr": 5.9697537523896055e-05, "lr": 5.9697537523896055e-05, "data_time": 0.35703206062316895, "loss": 0.3063740596175194, "decode.loss_ce": 0.3063740596175194, "decode.acc_seg": 53.75394821166992, "time": 1.8110944271087646, "iter": 2300, "memory": 17998, "step": 2300}
{"base_lr": 5.9678609959684276e-05, "lr": 5.9678609959684276e-05, "data_time": 0.33216922283172606, "loss": 0.3107279807329178, "decode.loss_ce": 0.3107279807329178, "decode.acc_seg": 44.70552444458008, "time": 1.7868348598480224, "iter": 2350, "memory": 17998, "step": 2350}
{"base_lr": 5.96596823954725e-05, "lr": 5.96596823954725e-05, "data_time": 0.32435007095336915, "loss": 0.30559166222810746, "decode.loss_ce": 0.30559166222810746, "decode.acc_seg": 62.69774627685547, "time": 1.777597427368164, "iter": 2400, "memory": 17998, "step": 2400}
{"base_lr": 5.9640754831260734e-05, "lr": 5.9640754831260734e-05, "data_time": 0.3095736503601074, "loss": 0.3497809112071991, "decode.loss_ce": 0.3497809112071991, "decode.acc_seg": 43.517826080322266, "time": 1.7657657861709595, "iter": 2450, "memory": 17998, "step": 2450}
{"base_lr": 5.9621827267048956e-05, "lr": 5.9621827267048956e-05, "data_time": 0.3353060960769653, "loss": 0.34306795597076417, "decode.loss_ce": 0.34306795597076417, "decode.acc_seg": 48.03476333618164, "time": 1.7956820726394653, "iter": 2500, "memory": 17998, "step": 2500}
{"base_lr": 5.9602899702837184e-05, "lr": 5.9602899702837184e-05, "data_time": 0.29164800643920896, "loss": 0.3327113389968872, "decode.loss_ce": 0.3327113389968872, "decode.acc_seg": 32.870208740234375, "time": 1.7468429327011108, "iter": 2550, "memory": 17998, "step": 2550}
{"base_lr": 5.958397213862544e-05, "lr": 5.958397213862544e-05, "data_time": 0.3125396013259888, "loss": 0.32277983874082566, "decode.loss_ce": 0.32277983874082566, "decode.acc_seg": 28.3859920501709, "time": 1.762426495552063, "iter": 2600, "memory": 17998, "step": 2600}
{"base_lr": 5.956504457441368e-05, "lr": 5.956504457441368e-05, "data_time": 0.37491517066955565, "loss": 0.2738973185420036, "decode.loss_ce": 0.2738973185420036, "decode.acc_seg": 67.08000183105469, "time": 1.83302743434906, "iter": 2650, "memory": 17998, "step": 2650}
{"base_lr": 5.954611701020197e-05, "lr": 5.954611701020197e-05, "data_time": 0.33564937114715576, "loss": 0.32664198279380796, "decode.loss_ce": 0.32664198279380796, "decode.acc_seg": 36.73619842529297, "time": 1.7936525106430055, "iter": 2700, "memory": 17998, "step": 2700}
{"base_lr": 5.952718944599025e-05, "lr": 5.952718944599025e-05, "data_time": 0.36180686950683594, "loss": 0.27117094695568084, "decode.loss_ce": 0.27117094695568084, "decode.acc_seg": 77.90462493896484, "time": 1.8219231128692628, "iter": 2750, "memory": 17998, "step": 2750}
{"base_lr": 5.950826188177847e-05, "lr": 5.950826188177847e-05, "data_time": 0.3317000389099121, "loss": 0.3007764682173729, "decode.loss_ce": 0.3007764682173729, "decode.acc_seg": 40.175533294677734, "time": 1.794519877433777, "iter": 2800, "memory": 17998, "step": 2800}
{"base_lr": 5.9489334317566685e-05, "lr": 5.9489334317566685e-05, "data_time": 0.3129533290863037, "loss": 0.30403128266334534, "decode.loss_ce": 0.30403128266334534, "decode.acc_seg": 69.66676330566406, "time": 1.7662506341934203, "iter": 2850, "memory": 17998, "step": 2850}
{"base_lr": 5.947040675335491e-05, "lr": 5.947040675335491e-05, "data_time": 0.35149526596069336, "loss": 0.29430478513240815, "decode.loss_ce": 0.29430478513240815, "decode.acc_seg": 66.14637756347656, "time": 1.7968254089355469, "iter": 2900, "memory": 17998, "step": 2900}
{"base_lr": 5.9451479189143115e-05, "lr": 5.9451479189143115e-05, "data_time": 0.34715635776519777, "loss": 0.3050447180867195, "decode.loss_ce": 0.3050447180867195, "decode.acc_seg": 48.24353790283203, "time": 1.7923124074935912, "iter": 2950, "memory": 17998, "step": 2950}
{"base_lr": 5.943255162493135e-05, "lr": 5.943255162493135e-05, "data_time": 0.37484073638916016, "loss": 0.29567447304725647, "decode.loss_ce": 0.29567447304725647, "decode.acc_seg": 28.018823623657227, "time": 1.8248578786849976, "iter": 3000, "memory": 17998, "step": 3000}
{"base_lr": 5.941362406071958e-05, "lr": 5.941362406071958e-05, "data_time": 0.3222264528274536, "loss": 0.3393722832202911, "decode.loss_ce": 0.3393722832202911, "decode.acc_seg": 48.17283630371094, "time": 1.776741623878479, "iter": 3050, "memory": 17998, "step": 3050}
{"base_lr": 5.9394696496507815e-05, "lr": 5.9394696496507815e-05, "data_time": 0.37595813274383544, "loss": 0.3321234494447708, "decode.loss_ce": 0.3321234494447708, "decode.acc_seg": 57.23298263549805, "time": 1.8192331790924072, "iter": 3100, "memory": 17998, "step": 3100}
{"base_lr": 5.937576893229608e-05, "lr": 5.937576893229608e-05, "data_time": 0.38413119316101074, "loss": 0.2826055124402046, "decode.loss_ce": 0.2826055124402046, "decode.acc_seg": 55.828521728515625, "time": 1.832779312133789, "iter": 3150, "memory": 17998, "step": 3150}
{"base_lr": 5.9356841368084306e-05, "lr": 5.9356841368084306e-05, "data_time": 0.3151043176651001, "loss": 0.2745201960206032, "decode.loss_ce": 0.2745201960206032, "decode.acc_seg": 69.85159301757812, "time": 1.7971790790557862, "iter": 3200, "memory": 17998, "step": 3200}
{"base_lr": 5.9337913803872555e-05, "lr": 5.9337913803872555e-05, "data_time": 0.3276937961578369, "loss": 0.28688720762729647, "decode.loss_ce": 0.28688720762729647, "decode.acc_seg": 59.768531799316406, "time": 1.774814248085022, "iter": 3250, "memory": 17998, "step": 3250}
{"base_lr": 5.93189862396608e-05, "lr": 5.93189862396608e-05, "data_time": 0.32673871517181396, "loss": 0.2902268901467323, "decode.loss_ce": 0.2902268901467323, "decode.acc_seg": 73.98185729980469, "time": 1.8004796504974365, "iter": 3300, "memory": 17998, "step": 3300}
{"base_lr": 5.930005867544903e-05, "lr": 5.930005867544903e-05, "data_time": 0.3253777027130127, "loss": 0.25160928070545197, "decode.loss_ce": 0.25160928070545197, "decode.acc_seg": 70.95162963867188, "time": 1.7725508689880372, "iter": 3350, "memory": 17998, "step": 3350}
{"base_lr": 5.9281131111237254e-05, "lr": 5.9281131111237254e-05, "data_time": 0.36920413970947263, "loss": 0.27541724890470504, "decode.loss_ce": 0.27541724890470504, "decode.acc_seg": 51.62467956542969, "time": 1.8184629678726196, "iter": 3400, "memory": 17998, "step": 3400}
{"base_lr": 5.9262203547025524e-05, "lr": 5.9262203547025524e-05, "data_time": 0.320909309387207, "loss": 0.3055655241012573, "decode.loss_ce": 0.3055655241012573, "decode.acc_seg": 56.462730407714844, "time": 1.7769158124923705, "iter": 3450, "memory": 17998,