{"base_lr": 1.9613655770513682e-06, "lr": 1.9613655770513682e-06, "data_time": 1.6756664514541626, "loss": 2.2468111753463744, "decode.loss_ce": 2.2468111753463744, "decode.acc_seg": 12.258720397949219, "time": 1.8813013792037965, "iter": 50, "memory": 8119, "step": 50}
{"base_lr": 3.962697798532355e-06, "lr": 3.962697798532355e-06, "data_time": 1.740083384513855, "loss": 2.132025682926178, "decode.loss_ce": 2.132025682926178, "decode.acc_seg": 40.98606491088867, "time": 1.9448497295379639, "iter": 100, "memory": 4687, "step": 100}
{"base_lr": 5.964030020013346e-06, "lr": 5.964030020013346e-06, "data_time": 1.5928591012954711, "loss": 1.8966832160949707, "decode.loss_ce": 1.8966832160949707, "decode.acc_seg": 30.78483772277832, "time": 1.7975331544876099, "iter": 150, "memory": 4687, "step": 150}
{"base_lr": 7.965362241494336e-06, "lr": 7.965362241494336e-06, "data_time": 1.6202981233596803, "loss": 1.7799745678901673, "decode.loss_ce": 1.7799745678901673, "decode.acc_seg": 35.705535888671875, "time": 1.8246604681015015, "iter": 200, "memory": 4687, "step": 200}
{"base_lr": 9.96669446297533e-06, "lr": 9.96669446297533e-06, "data_time": 1.5988037586212158, "loss": 1.7124829173088074, "decode.loss_ce": 1.7124829173088074, "decode.acc_seg": 49.685813903808594, "time": 1.8047537565231324, "iter": 250, "memory": 4687, "step": 250}
