{"aAcc": 73.16, "mIoU": 24.73, "mAcc": 33.62, "data_time": 0.7588145886659622, "time": 0.7998612452745437}