{"base_lr": 1.9613655770513682e-06, "lr": 1.9613655770513682e-06, "data_time": 0.1864147186279297, "loss": 0.5387219429016114, "decode.loss_ce": 0.5387219429016114, "decode.acc_seg": 26.870250701904297, "time": 1.6295154809951782, "iter": 50, "memory": 28063, "step": 50}
{"base_lr": 3.962697798532355e-06, "lr": 3.962697798532355e-06, "data_time": 0.18583266735076903, "loss": 0.4776808828115463, "decode.loss_ce": 0.4776808828115463, "decode.acc_seg": 29.032032012939453, "time": 1.6290331840515138, "iter": 100, "memory": 17997, "step": 100}
{"base_lr": 5.964030020013346e-06, "lr": 5.964030020013346e-06, "data_time": 0.18720431327819825, "loss": 0.45397702157497405, "decode.loss_ce": 0.45397702157497405, "decode.acc_seg": 24.784854888916016, "time": 1.6317707538604735, "iter": 150, "memory": 17997, "step": 150}
