{"aAcc": 88.28, "mIoU": 74.24, "mAcc": 85.27, "data_time": 121.33161551551481, "time": 121.86158676485044}