{"base_lr": 1.9613655770513682e-06, "lr": 1.9613655770513682e-06, "data_time": 0.39313292503356934, "loss": 2.0182163238525392, "decode.loss_ce": 2.0182163238525392, "decode.acc_seg": 3.8028717041015625, "time": 0.513162088394165, "iter": 50, "memory": 5014, "step": 50}
{"base_lr": 3.962697798532355e-06, "lr": 3.962697798532355e-06, "data_time": 0.36526148319244384, "loss": 2.1114519000053407, "decode.loss_ce": 2.1114519000053407, "decode.acc_seg": 0.2538570761680603, "time": 0.4926029920578003, "iter": 100, "memory": 1286, "step": 100}
{"base_lr": 5.964030020013346e-06, "lr": 5.964030020013346e-06, "data_time": 0.36609549522399903, "loss": 1.9838124692440033, "decode.loss_ce": 1.9838124692440033, "decode.acc_seg": 45.6805534362793, "time": 0.48786685466766355, "iter": 150, "memory": 1286, "step": 150}
{"base_lr": 7.965362241494336e-06, "lr": 7.965362241494336e-06, "data_time": 0.3574456930160522, "loss": 1.8643739461898803, "decode.loss_ce": 1.8643739461898803, "decode.acc_seg": 84.74502563476562, "time": 0.4912433385848999, "iter": 200, "memory": 1286, "step": 200}
{"base_lr": 9.96669446297533e-06, "lr": 9.96669446297533e-06, "data_time": 0.3096705198287964, "loss": 1.885500681400299, "decode.loss_ce": 1.885500681400299, "decode.acc_seg": 35.533905029296875, "time": 0.4469870328903198, "iter": 250, "memory": 1286, "step": 250}
{"base_lr": 1.1968026684456319e-05, "lr": 1.1968026684456319e-05, "data_time": 0.3533008337020874, "loss": 1.6950222492218017, "decode.loss_ce": 1.6950222492218017, "decode.acc_seg": 52.19662857055664, "time": 0.49487383365631105, "iter": 300, "memory": 1286, "step": 300}
{"base_lr": 1.3969358905937323e-05, "lr": 1.3969358905937323e-05, "data_time": 0.32995636463165284, "loss": 1.5305654108524323, "decode.loss_ce": 1.5305654108524323, "decode.acc_seg": 16.58935546875, "time": 0.4693427562713623, "iter": 350, "memory": 1286, "step": 350}
{"base_lr": 1.597069112741831e-05, "lr": 1.597069112741831e-05, "data_time": 0.3492187738418579, "loss": 1.7416626334190368, "decode.loss_ce": 1.7416626334190368, "decode.acc_seg": 27.306581497192383, "time": 0.4838085651397705, "iter": 400, "memory": 1286, "step": 400}
{"base_lr": 1.797202334889931e-05, "lr": 1.797202334889931e-05, "data_time": 0.4876850605010986, "loss": 1.7947286128997804, "decode.loss_ce": 1.7947286128997804, "decode.acc_seg": 68.13945770263672, "time": 0.6148752689361572, "iter": 450, "memory": 1286, "step": 450}
{"base_lr": 1.9973355570380306e-05, "lr": 1.9973355570380306e-05, "data_time": 0.36428945064544677, "loss": 1.7452461957931518, "decode.loss_ce": 1.7452461957931518, "decode.acc_seg": 14.635237693786621, "time": 0.5011499166488648, "iter": 500, "memory": 1286, "step": 500}
{"base_lr": 2.1974687791861306e-05, "lr": 2.1974687791861306e-05, "data_time": 0.35352864265441897, "loss": 1.6795889735221863, "decode.loss_ce": 1.6795889735221863, "decode.acc_seg": 17.75836944580078, "time": 0.48064911365509033, "iter": 550, "memory": 1286, "step": 550}
{"base_lr": 2.3976020013342307e-05, "lr": 2.3976020013342307e-05, "data_time": 0.3990791797637939, "loss": 1.6039156079292298, "decode.loss_ce": 1.6039156079292298, "decode.acc_seg": 37.98642349243164, "time": 0.5347808599472046, "iter": 600, "memory": 1286, "step": 600}
{"base_lr": 2.597735223482329e-05, "lr": 2.597735223482329e-05, "data_time": 0.3693819761276245, "loss": 1.425048303604126, "decode.loss_ce": 1.425048303604126, "decode.acc_seg": 21.448707580566406, "time": 0.5005296230316162, "iter": 650, "memory": 1286, "step": 650}
{"base_lr": 2.797868445630428e-05, "lr": 2.797868445630428e-05, "data_time": 0.3337951898574829, "loss": 1.5121419727802277, "decode.loss_ce": 1.5121419727802277, "decode.acc_seg": 61.20157241821289, "time": 0.46281278133392334, "iter": 700, "memory": 1286, "step": 700}
{"base_lr": 2.99800166777853e-05, "lr": 2.99800166777853e-05, "data_time": 0.3741708278656006, "loss": 1.4807574212551118, "decode.loss_ce": 1.4807574212551118, "decode.acc_seg": 57.038490295410156, "time": 0.5072444200515747, "iter": 750, "memory": 1286, "step": 750}
{"base_lr": 3.1981348899266314e-05, "lr": 3.1981348899266314e-05, "data_time": 0.33559014797210696, "loss": 1.3984081745147705, "decode.loss_ce": 1.3984081745147705, "decode.acc_seg": 51.65200424194336, "time": 0.46603806018829347, "iter": 800, "memory": 1286, "step": 800}
{"base_lr": 3.398268112074729e-05, "lr": 3.398268112074729e-05, "data_time": 0.35149664878845216, "loss": 1.3861976444721222, "decode.loss_ce": 1.3861976444721222, "decode.acc_seg": 44.55718994140625, "time": 0.48097403049468995, "iter": 850, "memory": 1286, "step": 850}
{"base_lr": 3.5984013342228235e-05, "lr": 3.5984013342228235e-05, "data_time": 0.3736417770385742, "loss": 1.267708170413971, "decode.loss_ce": 1.267708170413971, "decode.acc_seg": 53.613853454589844, "time": 0.5052905559539795, "iter": 900, "memory": 1286, "step": 900}
{"base_lr": 3.7985345563709256e-05, "lr": 3.7985345563709256e-05, "data_time": 0.35465691089630125, "loss": 1.4664740443229676, "decode.loss_ce": 1.4664740443229676, "decode.acc_seg": 69.01874542236328, "time": 0.4883918285369873, "iter": 950, "memory": 1286, "step": 950}
{"base_lr": 3.998667778519025e-05, "lr": 3.998667778519025e-05, "data_time": 0.38802921772003174, "loss": 1.5058299601078033, "decode.loss_ce": 1.5058299601078033, "decode.acc_seg": 63.009071350097656, "time": 0.526267695426941, "iter": 1000, "memory": 1286, "step": 1000}
{"base_lr": 4.198801000667124e-05, "lr": 4.198801000667124e-05, "data_time": 0.36475024223327634, "loss": 1.3198504269123077, "decode.loss_ce": 1.3198504269123077, "decode.acc_seg": 54.862403869628906, "time": 0.5022594928741455, "iter": 1050, "memory": 1286, "step": 1050}
{"base_lr": 4.398934222815225e-05, "lr": 4.398934222815225e-05, "data_time": 0.3539161443710327, "loss": 1.3108387351036073, "decode.loss_ce": 1.3108387351036073, "decode.acc_seg": 33.30726623535156, "time": 0.48471508026123045, "iter": 1100, "memory": 1286, "step": 1100}
{"base_lr": 4.599067444963324e-05, "lr": 4.599067444963324e-05, "data_time": 0.35582408905029295, "loss": 1.3662349581718445, "decode.loss_ce": 1.3662349581718445, "decode.acc_seg": 29.689983367919922, "time": 0.48917737007141116, "iter": 1150, "memory": 1286, "step": 1150}
{"base_lr": 4.7992006671114227e-05, "lr": 4.7992006671114227e-05, "data_time": 0.3602147102355957, "loss": 1.5542834758758546, "decode.loss_ce": 1.5542834758758546, "decode.acc_seg": 53.539085388183594, "time": 0.4933873891830444, "iter": 1200, "memory": 1286, "step": 1200}
{"base_lr": 4.999333889259521e-05, "lr": 4.999333889259521e-05, "data_time": 0.35239899158477783, "loss": 1.408778476715088, "decode.loss_ce": 1.408778476715088, "decode.acc_seg": 6.09893798828125, "time": 0.48551163673400877, "iter": 1250, "memory": 1286, "step": 1250}
{"base_lr": 5.199467111407618e-05, "lr": 5.199467111407618e-05, "data_time": 0.3948556900024414, "loss": 1.342673009634018, "decode.loss_ce": 1.342673009634018, "decode.acc_seg": 27.533340454101562, "time": 0.5266693830490112, "iter": 1300, "memory": 1286, "step": 1300}
{"base_lr": 5.399600333555716e-05, "lr": 5.399600333555716e-05, "data_time": 0.33935954570770266, "loss": 1.2184498190879822, "decode.loss_ce": 1.2184498190879822, "decode.acc_seg": 38.72718811035156, "time": 0.46843183040618896, "iter": 1350, "memory": 1286, "step": 1350}
{"base_lr": 5.599733555703817e-05, "lr": 5.599733555703817e-05, "data_time": 0.38527617454528806, "loss": 1.438704001903534, "decode.loss_ce": 1.438704001903534, "decode.acc_seg": 64.1214370727539, "time": 0.5148078203201294, "iter": 1400, "memory": 1286, "step": 1400}
{"base_lr": 5.799866777851912e-05, "lr": 5.799866777851912e-05, "data_time": 0.3446864366531372, "loss": 1.149410903453827, "decode.loss_ce": 1.149410903453827, "decode.acc_seg": 68.95865631103516, "time": 0.4817172050476074, "iter": 1450, "memory": 1286, "step": 1450}
{"base_lr": 6.000000000000008e-05, "lr": 6.000000000000008e-05, "data_time": 0.39404032230377195,