{"aAcc": 87.08, "mIoU": 72.09, "mAcc": 83.99, "data_time": 55.086933063930935, "time": 55.38110203742981}