{"aAcc": 87.78, "mIoU": 72.84, "mAcc": 83.98, "data_time": 126.3005333769638, "time": 126.62388545643967}