{"base_lr": 1.9613655770513682e-06, "lr": 1.9613655770513682e-06, "data_time": 0.3237240552902222, "loss": 2.1777464151382446, "decode.loss_ce": 2.1777464151382446, "decode.acc_seg": 23.126445770263672, "time": 0.8953262329101562, "iter": 50, "memory": 10088, "step": 50}
{"base_lr": 3.962697798532355e-06, "lr": 3.962697798532355e-06, "data_time": 0.009455680847167969, "loss": 2.0810542702674866, "decode.loss_ce": 2.0810542702674866, "decode.acc_seg": 23.937602996826172, "time": 0.5723620891571045, "iter": 100, "memory": 2354, "step": 100}
{"base_lr": 5.964030020013346e-06, "lr": 5.964030020013346e-06, "data_time": 0.00957038402557373, "loss": 1.9650609612464904, "decode.loss_ce": 1.9650609612464904, "decode.acc_seg": 32.285213470458984, "time": 0.57395920753479, "iter": 150, "memory": 2354, "step": 150}
{"base_lr": 7.965362241494336e-06, "lr": 7.965362241494336e-06, "data_time": 0.009637093544006348, "loss": 1.8654071927070617, "decode.loss_ce": 1.8654071927070617, "decode.acc_seg": 6.790065765380859, "time": 0.5603870630264283, "iter": 200, "memory": 2354, "step": 200}
{"base_lr": 9.96669446297533e-06, "lr": 9.96669446297533e-06, "data_time": 0.10459513664245605, "loss": 1.8073031067848206, "decode.loss_ce": 1.8073031067848206, "decode.acc_seg": 14.10908031463623, "time": 0.6723209142684936, "iter": 250, "memory": 2354, "step": 250}
{"base_lr": 1.1968026684456319e-05, "lr": 1.1968026684456319e-05, "data_time": 0.009568476676940918, "loss": 1.7314204931259156, "decode.loss_ce": 1.7314204931259156, "decode.acc_seg": 42.044212341308594, "time": 0.5632037401199341, "iter": 300, "memory": 2354, "step": 300}
{"base_lr": 1.3969358905937323e-05, "lr": 1.3969358905937323e-05, "data_time": 0.010687255859375, "loss": 1.5467344999313355, "decode.loss_ce": 1.5467344999313355, "decode.acc_seg": 38.99250793457031, "time": 0.5805448532104492, "iter": 350, "memory": 2354, "step": 350}
{"base_lr": 1.597069112741831e-05, "lr": 1.597069112741831e-05, "data_time": 0.009880399703979493, "loss": 1.684599018096924, "decode.loss_ce": 1.684599018096924, "decode.acc_seg": 40.068912506103516, "time": 0.568398404121399, "iter": 400, "memory": 2354, "step": 400}
{"base_lr": 1.797202334889931e-05, "lr": 1.797202334889931e-05, "data_time": 0.017867493629455566, "loss": 1.4923936128616333, "decode.loss_ce": 1.4923936128616333, "decode.acc_seg": 18.857383728027344, "time": 0.5808893918991089, "iter": 450, "memory": 2354, "step": 450}
{"base_lr": 1.9973355570380306e-05, "lr": 1.9973355570380306e-05, "data_time": 0.01038365364074707, "loss": 1.700571072101593, "decode.loss_ce": 1.700571072101593, "decode.acc_seg": 23.9959716796875, "time": 0.5866216421127319, "iter": 500, "memory": 2354, "step": 500}
{"base_lr": 2.1974687791861306e-05, "lr": 2.1974687791861306e-05, "data_time": 0.3203885078430176, "loss": 1.5163278222084045, "decode.loss_ce": 1.5163278222084045, "decode.acc_seg": 42.08422088623047, "time": 0.8764604330062866, "iter": 550, "memory": 2354, "step": 550}
{"base_lr": 2.3976020013342307e-05, "lr": 2.3976020013342307e-05, "data_time": 0.30797111988067627, "loss": 1.598258090019226, "decode.loss_ce": 1.598258090019226, "decode.acc_seg": 46.52429962158203, "time": 0.922730278968811, "iter": 600, "memory": 2354, "step": 600}
{"base_lr": 2.597735223482329e-05, "lr": 2.597735223482329e-05, "data_time": 0.010044574737548828, "loss": 1.5696077704429627, "decode.loss_ce": 1.5696077704429627, "decode.acc_seg": 27.174091339111328, "time": 0.597102952003479, "iter": 650, "memory": 2354, "step": 650}
{"base_lr": 2.797868445630428e-05, "lr": 2.797868445630428e-05, "data_time": 0.01011803150177002, "loss": 1.6200314998626708, "decode.loss_ce": 1.6200314998626708, "decode.acc_seg": 51.34272766113281, "time": 0.6011745214462281, "iter": 700, "memory": 2354, "step": 700}
{"base_lr": 2.99800166777853e-05, "lr": 2.99800166777853e-05, "data_time": 0.00979475975036621, "loss": 1.5552217841148377, "decode.loss_ce": 1.5552217841148377, "decode.acc_seg": 13.168068885803223, "time": 0.5981158256530762, "iter": 750, "memory": 2354, "step": 750}
{"base_lr": 3.1981348899266314e-05, "lr": 3.1981348899266314e-05, "data_time": 0.010339069366455077, "loss": 1.4665103197097777, "decode.loss_ce": 1.4665103197097777, "decode.acc_seg": 2.2826194763183594, "time": 0.6120419263839721, "iter": 800, "memory": 2354, "step": 800}
{"base_lr": 3.398268112074729e-05, "lr": 3.398268112074729e-05, "data_time": 0.01008157730102539, "loss": 1.3385434746742249, "decode.loss_ce": 1.3385434746742249, "decode.acc_seg": 60.49947738647461, "time": 0.5912325382232666, "iter": 850, "memory": 2354, "step": 850}
{"base_lr": 3.5984013342228235e-05, "lr": 3.5984013342228235e-05, "data_time": 0.010343456268310547, "loss": 1.6007839679718017, "decode.loss_ce": 1.6007839679718017, "decode.acc_seg": 46.34866714477539, "time": 0.6184470653533936, "iter": 900, "memory": 2354, "step": 900}
{"base_lr": 3.7985345563709256e-05, "lr": 3.7985345563709256e-05, "data_time": 0.010233569145202636, "loss": 1.4563272953033448, "decode.loss_ce": 1.4563272953033448, "decode.acc_seg": 38.32807540893555, "time": 0.6141461372375489, "iter": 950, "memory": 2354, "step": 950}
{"base_lr": 3.998667778519025e-05, "lr": 3.998667778519025e-05, "data_time": 0.010740184783935547, "loss": 1.620819127559662, "decode.loss_ce": 1.620819127559662, "decode.acc_seg": 51.90433883666992, "time": 0.6157296657562256, "iter": 1000, "memory": 2354, "step": 1000}
{"base_lr": 4.198801000667124e-05, "lr": 4.198801000667124e-05, "data_time": 0.010460710525512696, "loss": 1.622687041759491, "decode.loss_ce": 1.622687041759491, "decode.acc_seg": 36.8404655456543, "time": 0.6199312925338745, "iter": 1050, "memory": 2354, "step": 1050}
{"base_lr": 4.398934222815225e-05, "lr": 4.398934222815225e-05, "data_time": 0.010583138465881348, "loss": 1.5830687761306763, "decode.loss_ce": 1.5830687761306763, "decode.acc_seg": 22.1385498046875, "time": 0.6106335163116455, "iter": 1100, "memory": 2354, "step": 1100}
{"base_lr": 4.599067444963324e-05, "lr": 4.599067444963324e-05, "data_time": 0.11466538906097412, "loss": 1.3900755882263183, "decode.loss_ce": 1.3900755882263183, "decode.acc_seg": 72.55299377441406, "time": 0.7209278821945191, "iter": 1150, "memory": 2354, "step": 1150}
{"base_lr": 4.7992006671114227e-05, "lr": 4.7992006671114227e-05, "data_time": 0.05106949806213379, "loss": 1.3634524464607238, "decode.loss_ce": 1.3634524464607238, "decode.acc_seg": 51.81367874145508, "time": 0.6518484830856324, "iter": 1200, "memory": 2354, "step": 1200}
{"base_lr": 4.999333889259521e-05, "lr": 4.999333889259521e-05, "data_time": 0.010507631301879882, "loss": 1.667069709300995, "decode.loss_ce": 1.667069709300995, "decode.acc_seg": 53.5313606262207, "time": 0.6038685798645019, "iter": 1250, "memory": 2354, "step": 1250}
{"base_lr": 5.199467111407618e-05, "lr": 5.199467111407618e-05, "data_time": 0.011368775367736816, "loss": 1.6585119724273683, "decode.loss_ce": 1.6585119724273683, "decode.acc_seg": 4.978433132171631, "time": 0.6344102382659912, "iter": 1300, "memory": 2354, "step": 1300}
{"base_lr": 5.399600333555716e-05, "lr": 5.399600333555716e-05, "data_time": 0.023326659202575685, "loss": 1.4915229082107544, "decode.loss_ce": 1.4915229082107544, "decode.acc_seg": 61.05318069458008, "time": 0.6296340703964234, "iter": 1350, "memory": 2354, "step": 1350}
{"base_lr": 5.599733555703817e-05, "lr": 5.599733555703817e-05, "data_time": 0.07210593223571778, "loss": 1.3915801286697387, "decode.loss_ce": 1.3915801286697387, "decode.acc_seg": 41.55282974243164, "time": 0.6668060541152954, "iter": 1400, "memory": 2354, "step": 1400}
{"base_lr": 5.799866777851912e-05, "lr": 5.799866777851912e-05, "data_time": 0.013058972358703614, "loss": 1.4237458825111389, "decode.loss_ce": 1.4237458825111389, "decode.acc_seg": 55.102210998535156, "time": 0.6057581901550293, "iter": 1450, "memory": 2354, "step": 1450}
{"base_lr": 6.000000000000008e-05, "lr": 6.000000000000008e-05, "data_time": 0.06471056938171386,