{"base_lr": 5.979217534495485e-05, "lr": 5.979217534495485e-05, "data_time": 0.07181360721588134, "loss": 1.1039269596338273, "decode.loss_ce": 1.1039269596338273, "decode.acc_seg": 44.611358642578125, "time": 0.23554158210754395, "iter": 2050, "memory": 5046, "step": 2050}
{"base_lr": 5.977324778074308e-05, "lr": 5.977324778074308e-05, "data_time": 0.09500689506530761, "loss": 1.406589889526367, "decode.loss_ce": 1.406589889526367, "decode.acc_seg": 50.23937225341797, "time": 0.25310018062591555, "iter": 2100, "memory": 1222, "step": 2100}
{"base_lr": 5.975432021653133e-05, "lr": 5.975432021653133e-05, "data_time": 0.08335213661193848, "loss": 1.2648547172546387, "decode.loss_ce": 1.2648547172546387, "decode.acc_seg": 45.121192932128906, "time": 0.23837687969207763, "iter": 2150, "memory": 1222, "step": 2150}
{"base_lr": 5.973539265231957e-05, "lr": 5.973539265231957e-05, "data_time": 0.07930641174316407, "loss": 1.0146128058433532, "decode.loss_ce": 1.0146128058433532, "decode.acc_seg": 51.45009994506836, "time": 0.24403154850006104, "iter": 2200, "memory": 1222, "step": 2200}
{"base_lr": 5.971646508810782e-05, "lr": 5.971646508810782e-05, "data_time": 0.09548568725585938, "loss": 1.183143299818039, "decode.loss_ce": 1.183143299818039, "decode.acc_seg": 81.99787139892578, "time": 0.2509268283843994, "iter": 2250, "memory": 1222, "step": 2250}
{"base_lr": 5.9697537523896055e-05, "lr": 5.9697537523896055e-05, "data_time": 0.09008617401123047, "loss": 1.3700274348258972, "decode.loss_ce": 1.3700274348258972, "decode.acc_seg": 54.5989990234375, "time": 0.24641110897064208, "iter": 2300, "memory": 1222, "step": 2300}
{"base_lr": 5.9678609959684276e-05, "lr": 5.9678609959684276e-05, "data_time": 0.07733891010284424, "loss": 1.1436520516872406, "decode.loss_ce": 1.1436520516872406, "decode.acc_seg": 43.24863815307617, "time": 0.23606793880462645, "iter": 2350, "memory": 1222, "step": 2350}
{"base_lr": 5.96596823954725e-05, "lr": 5.96596823954725e-05, "data_time": 0.08423402309417724, "loss": 1.3433589339256287, "decode.loss_ce": 1.3433589339256287, "decode.acc_seg": 56.620445251464844, "time": 0.2407660961151123, "iter": 2400, "memory": 1222, "step": 2400}
{"base_lr": 5.9640754831260734e-05, "lr": 5.9640754831260734e-05, "data_time": 0.0685117483139038, "loss": 1.1803753614425658, "decode.loss_ce": 1.1803753614425658, "decode.acc_seg": 68.04523468017578, "time": 0.22627656459808348, "iter": 2450, "memory": 1222, "step": 2450}
{"base_lr": 5.9621827267048956e-05, "lr": 5.9621827267048956e-05, "data_time": 0.08832623958587646, "loss": 1.313550168275833, "decode.loss_ce": 1.313550168275833, "decode.acc_seg": 15.83099365234375, "time": 0.24507298469543456, "iter": 2500, "memory": 1222, "step": 2500}
{"base_lr": 5.9602899702837184e-05, "lr": 5.9602899702837184e-05, "data_time": 0.09796724319458008, "loss": 1.3605907306075096, "decode.loss_ce": 1.3605907306075096, "decode.acc_seg": 38.06896209716797, "time": 0.25819964408874513, "iter": 2550, "memory": 1222, "step": 2550}
{"base_lr": 5.958397213862544e-05, "lr": 5.958397213862544e-05, "data_time": 0.0951603889465332, "loss": 1.3043274521827697, "decode.loss_ce": 1.3043274521827697, "decode.acc_seg": 22.720909118652344, "time": 0.25831878185272217, "iter": 2600, "memory": 1222, "step": 2600}
{"base_lr": 5.956504457441368e-05, "lr": 5.956504457441368e-05, "data_time": 0.08847756385803222, "loss": 1.1853364825248718, "decode.loss_ce": 1.1853364825248718, "decode.acc_seg": 93.0013656616211, "time": 0.24768404960632323, "iter": 2650, "memory": 1222, "step": 2650}
{"base_lr": 5.954611701020197e-05, "lr": 5.954611701020197e-05, "data_time": 0.08458750247955323, "loss": 0.9585968434810639, "decode.loss_ce": 0.9585968434810639, "decode.acc_seg": 60.10303497314453, "time": 0.2394481420516968, "iter": 2700, "memory": 1222, "step": 2700}
