{"base_lr": 3.962697798532355e-06, "lr": 3.962697798532355e-06, "data_time": 0.007568645477294922, "loss": 3.892385458946228, "decode.loss_ce": 3.892385458946228, "decode.acc_seg": 11.245981216430664, "time": 0.33721556663513186, "iter": 100, "memory": 8119, "step": 100}
{"base_lr": 7.965362241494336e-06, "lr": 7.965362241494336e-06, "data_time": 0.007145142555236817, "loss": 3.287907838821411, "decode.loss_ce": 3.287907838821411, "decode.acc_seg": 17.384687423706055, "time": 0.3209552764892578, "iter": 200, "memory": 8003, "step": 200}
{"base_lr": 1.1968026684456319e-05, "lr": 1.1968026684456319e-05, "data_time": 0.007539439201354981, "loss": 2.941187357902527, "decode.loss_ce": 2.941187357902527, "decode.acc_seg": 16.858112335205078, "time": 0.3042672872543335, "iter": 300, "memory": 8003, "step": 300}
{"base_lr": 1.597069112741831e-05, "lr": 1.597069112741831e-05, "data_time": 0.0071567058563232425, "loss": 2.732489895820618, "decode.loss_ce": 2.732489895820618, "decode.acc_seg": 24.3901309967041, "time": 0.3263051748275757, "iter": 400, "memory": 8003, "step": 400}
{"base_lr": 1.9973355570380306e-05, "lr": 1.9973355570380306e-05, "data_time": 0.007589817047119141, "loss": 2.3218437910079954, "decode.loss_ce": 2.3218437910079954, "decode.acc_seg": 43.8150634765625, "time": 0.31310124397277833, "iter": 500, "memory": 8003, "step": 500}
{"base_lr": 2.3976020013342307e-05, "lr": 2.3976020013342307e-05, "data_time": 0.007164978981018066, "loss": 1.9812657117843628, "decode.loss_ce": 1.9812657117843628, "decode.acc_seg": 31.432992935180664, "time": 0.31102852821350097, "iter": 600, "memory": 8003, "step": 600}
{"base_lr": 2.797868445630428e-05, "lr": 2.797868445630428e-05, "data_time": 0.007132935523986817, "loss": 1.9200862050056458, "decode.loss_ce": 1.9200862050056458, "decode.acc_seg": 57.40483093261719, "time": 0.305899453163147, "iter": 700, "memory": 8003, "step": 700}
{"base_lr": 3.1981348899266314e-05, "lr": 3.1981348899266314e-05, "data_time": 0.007262635231018067, "loss": 1.6737290024757385, "decode.loss_ce": 1.6737290024757385, "decode.acc_seg": 46.732906341552734, "time": 0.30758659839630126, "iter": 800, "memory": 8004, "step": 800}
{"base_lr": 3.5984013342228235e-05, "lr": 3.5984013342228235e-05, "data_time": 0.007074928283691407, "loss": 1.8096213340759277, "decode.loss_ce": 1.8096213340759277, "decode.acc_seg": 46.33853530883789, "time": 0.3053144931793213, "iter": 900, "memory": 8003, "step": 900}
{"base_lr": 3.998667778519025e-05, "lr": 3.998667778519025e-05, "data_time": 0.007094264030456543, "loss": 1.6717377662658692, "decode.loss_ce": 1.6717377662658692, "decode.acc_seg": 62.385074615478516, "time": 0.31008663177490237, "iter": 1000, "memory": 8003, "step": 1000}
{"base_lr": 4.398934222815225e-05, "lr": 4.398934222815225e-05, "data_time": 0.007215452194213867, "loss": 1.7072800159454347, "decode.loss_ce": 1.7072800159454347, "decode.acc_seg": 49.95014953613281, "time": 0.3059892177581787, "iter": 1100, "memory": 8004, "step": 1100}
{"base_lr": 4.7992006671114227e-05, "lr": 4.7992006671114227e-05, "data_time": 0.007226228713989258, "loss": 1.5750081241130829, "decode.loss_ce": 1.5750081241130829, "decode.acc_seg": 54.019100189208984, "time": 0.3095322847366333, "iter": 1200, "memory": 8003, "step": 1200}
{"base_lr": 5.199467111407618e-05, "lr": 5.199467111407618e-05, "data_time": 0.007134342193603515, "loss": 1.552771759033203, "decode.loss_ce": 1.552771759033203, "decode.acc_seg": 40.44352340698242, "time": 0.306571888923645, "iter": 1300, "memory": 8003, "step": 1300}
{"base_lr": 5.599733555703817e-05, "lr": 5.599733555703817e-05, "data_time": 0.007419323921203614, "loss": 1.6582443356513976, "decode.loss_ce": 1.6582443356513976, "decode.acc_seg": 51.26837921142578, "time": 0.31096668243408204, "iter": 1400, "memory": 8004, "step": 1400}
{"base_lr": 6.000000000000008e-05, "lr": 6.000000000000008e-05, "data_time": 0.007278227806091308, "loss": 1.4161779403686523, "decode.loss_ce": 1.4161779403686523, "decode.acc_seg": 60.702030181884766, "time": 0.30739948749542234, "iter": 1500, "memory": 8003, "step": 1500}
{"base_lr": 5.9962523422860786e-05, "lr": 5.9962523422860786e-05, "data_time": 0.007251524925231933, "loss": 1.483568149805069, "decode.loss_ce": 1.483568149805069, "decode.acc_seg": 53.49648666381836, "time": 0.30836331844329834, "iter": 1600, "memory": 8004, "step": 1600}
{"base_lr": 5.992466829443726e-05, "lr": 5.992466829443726e-05, "data_time": 0.007433843612670898, "loss": 1.4120342016220093, "decode.loss_ce": 1.4120342016220093, "decode.acc_seg": 58.34952163696289, "time": 0.311128568649292, "iter": 1700, "memory": 8004, "step": 1700}
{"base_lr": 5.988681316601369e-05, "lr": 5.988681316601369e-05, "data_time": 0.007084083557128906, "loss": 1.1874189913272857, "decode.loss_ce": 1.1874189913272857, "decode.acc_seg": 60.522762298583984, "time": 0.3088302373886108, "iter": 1800, "memory": 8003, "step": 1800}
{"base_lr": 5.984895803759017e-05, "lr": 5.984895803759017e-05, "data_time": 0.007178592681884766, "loss": 1.5283920049667359, "decode.loss_ce": 1.5283920049667359, "decode.acc_seg": 57.32914733886719, "time": 0.30770649909973147, "iter": 1900, "memory": 8003, "step": 1900}
{"base_lr": 5.981110290916661e-05, "lr": 5.981110290916661e-05, "data_time": 0.007302665710449218, "loss": 1.3142911195755005, "decode.loss_ce": 1.3142911195755005, "decode.acc_seg": 61.56745529174805, "time": 0.3076282739639282, "iter": 2000, "memory": 8003, "step": 2000}
{"base_lr": 5.977324778074308e-05, "lr": 5.977324778074308e-05, "data_time": 0.007197070121765137, "loss": 1.2777447760105134, "decode.loss_ce": 1.2777447760105134, "decode.acc_seg": 59.00177001953125, "time": 0.30811145305633547, "iter": 2100, "memory": 8004, "step": 2100}
{"base_lr": 5.973539265231957e-05, "lr": 5.973539265231957e-05, "data_time": 0.00731954574584961, "loss": 1.2001687169075013, "decode.loss_ce": 1.2001687169075013, "decode.acc_seg": 74.43059539794922, "time": 0.3048272609710693, "iter": 2200, "memory": 8002, "step": 2200}
{"base_lr": 5.9697537523896055e-05, "lr": 5.9697537523896055e-05, "data_time": 0.0074917316436767575, "loss": 1.2616939902305604, "decode.loss_ce": 1.2616939902305604, "decode.acc_seg": 65.60865020751953, "time": 0.30849528312683105, "iter": 2300, "memory": 8004, "step": 2300}
{"base_lr": 5.96596823954725e-05, "lr": 5.96596823954725e-05, "data_time": 0.007051587104797363, "loss": 1.286776328086853, "decode.loss_ce": 1.286776328086853, "decode.acc_seg": 62.88916015625, "time": 0.3027956485748291, "iter": 2400, "memory": 8004, "step": 2400}
{"base_lr": 5.9621827267048956e-05, "lr": 5.9621827267048956e-05, "data_time": 0.0067024707794189455, "loss": 1.178533488512039, "decode.loss_ce": 1.178533488512039, "decode.acc_seg": 60.2938346862793, "time": 0.3024423837661743, "iter": 2500, "memory": 8003, "step": 2500}
{"base_lr": 5.958397213862544e-05, "lr": 5.958397213862544e-05, "data_time": 0.007522320747375489, "loss": 1.3127992033958436, "decode.loss_ce": 1.3127992033958436, "decode.acc_seg": 55.47077560424805, "time": 0.3050030469894409, "iter": 2600, "memory": 8004, "step": 2600}
{"base_lr": 5.954611701020197e-05, "lr": 5.954611701020197e-05, "data_time": 0.007211613655090332, "loss": 1.411251997947693, "decode.loss_ce": 1.411251997947693, "decode.acc_seg": 51.54061508178711, "time": 0.33266971111297605, "iter": 2700, "memory": 8003, "step": 2700}
{"base_lr": 5.950826188177847e-05, "lr": 5.950826188177847e-05, "data_time": 0.0073242664337158205, "loss": 1.3932337522506715, "decode.loss_ce": 1.3932337522506715, "decode.acc_seg": 51.22806167602539, "time": 0.33125455379486085, "iter": 2800, "memory": 8003, "step": 2800}
{"base_lr": 5.947040675335491e-05, "lr": 5.947040675335491e-05, "data_time": 0.007394647598266602, "loss": 1.2308523952960968, "decode.loss_ce": 1.2308523952960968, "decode.acc_seg": 49.950599670410156, "time": 0.33207595348358154, "iter": 2900, "memory": 8003, "step": 2900}
{"base_lr": 5.943255162493135e-05,