{"base_lr": 1.9613655770513682e-06, "lr": 1.9613655770513682e-06, "data_time": 1.4333701133728027, "loss": 2.258317220211029, "decode.loss_ce": 2.258317220211029, "decode.acc_seg": 35.15667724609375, "time": 2.1002812147140504, "iter": 50, "memory": 11657, "step": 50}
{"base_lr": 3.962697798532355e-06, "lr": 3.962697798532355e-06, "data_time": 1.453578281402588, "loss": 2.0890148282051086, "decode.loss_ce": 2.0890148282051086, "decode.acc_seg": 13.405333518981934, "time": 2.12920138835907, "iter": 100, "memory": 4602, "step": 100}
{"base_lr": 5.964030020013346e-06, "lr": 5.964030020013346e-06, "data_time": 1.4674429655075074, "loss": 1.9496535301208495, "decode.loss_ce": 1.9496535301208495, "decode.acc_seg": 35.50703048706055, "time": 2.1333523750305177, "iter": 150, "memory": 4602, "step": 150}
{"base_lr": 7.965362241494336e-06, "lr": 7.965362241494336e-06, "data_time": 1.4171207666397094, "loss": 1.7771883726119995, "decode.loss_ce": 1.7771883726119995, "decode.acc_seg": 28.53439712524414, "time": 2.08569495677948, "iter": 200, "memory": 4602, "step": 200}
{"base_lr": 9.96669446297533e-06, "lr": 9.96669446297533e-06, "data_time": 1.3716965675354005, "loss": 1.7582228422164916, "decode.loss_ce": 1.7582228422164916, "decode.acc_seg": 38.684654235839844, "time": 2.0397187232971192, "iter": 250, "memory": 4602, "step": 250}
{"base_lr": 1.1968026684456319e-05, "lr": 1.1968026684456319e-05, "data_time": 1.426538920402527, "loss": 1.7271051168441773, "decode.loss_ce": 1.7271051168441773, "decode.acc_seg": 28.920835494995117, "time": 2.088400387763977, "iter": 300, "memory": 4602, "step": 300}
{"base_lr": 1.3969358905937323e-05, "lr": 1.3969358905937323e-05, "data_time": 1.3547366857528687, "loss": 1.5201093554496765, "decode.loss_ce": 1.5201093554496765, "decode.acc_seg": 45.4977912902832, "time": 2.023849368095398, "iter": 350, "memory": 4602, "step": 350}
{"base_lr": 1.597069112741831e-05, "lr": 1.597069112741831e-05, "data_time": 1.423430895805359, "loss": 1.559118127822876, "decode.loss_ce": 1.559118127822876, "decode.acc_seg": 33.39934539794922, "time": 2.088844561576843, "iter": 400, "memory": 4602, "step": 400}
{"base_lr": 1.797202334889931e-05, "lr": 1.797202334889931e-05, "data_time": 1.3820180654525758, "loss": 1.6121420025825501, "decode.loss_ce": 1.6121420025825501, "decode.acc_seg": 46.66619110107422, "time": 2.0543590545654298, "iter": 450, "memory": 4602, "step": 450}
{"base_lr": 1.9973355570380306e-05, "lr": 1.9973355570380306e-05, "data_time": 1.3841742515563964, "loss": 1.4985433220863342, "decode.loss_ce": 1.4985433220863342, "decode.acc_seg": 26.765562057495117, "time": 2.0596049785614015, "iter": 500, "memory": 4602, "step": 500}
{"base_lr": 2.1974687791861306e-05, "lr": 2.1974687791861306e-05, "data_time": 1.4034911155700684, "loss": 1.4878821134567262, "decode.loss_ce": 1.4878821134567262, "decode.acc_seg": 50.59785842895508, "time": 2.12827467918396, "iter": 550, "memory": 4602, "step": 550}
{"base_lr": 2.3976020013342307e-05, "lr": 2.3976020013342307e-05, "data_time": 1.40248703956604, "loss": 1.6371917486190797, "decode.loss_ce": 1.6371917486190797, "decode.acc_seg": 43.12997817993164, "time": 2.0695889949798585, "iter": 600, "memory": 4602, "step": 600}
{"base_lr": 2.597735223482329e-05, "lr": 2.597735223482329e-05, "data_time": 1.3641585826873779, "loss": 1.5071486115455628, "decode.loss_ce": 1.5071486115455628, "decode.acc_seg": 68.07837677001953, "time": 2.018932509422302, "iter": 650, "memory": 4602, "step": 650}
{"base_lr": 2.797868445630428e-05, "lr": 2.797868445630428e-05, "data_time": 1.339376163482666, "loss": 1.4542009592056275, "decode.loss_ce": 1.4542009592056275, "decode.acc_seg": 48.04097366333008, "time": 1.9860151529312133, "iter": 700, "memory": 4602, "step": 700}
{"base_lr": 2.99800166777853e-05, "lr": 2.99800166777853e-05, "data_time": 1.3134410619735717, "loss": 1.5479236483573913, "decode.loss_ce": 1.5479236483573913, "decode.acc_seg": 47.35078811645508, "time": 1.9722868204116821, "iter": 750, "memory": 4602, "step": 750}
{"base_lr": 3.1981348899266314e-05, "lr": 3.1981348899266314e-05, "data_time": 1.3662873268127442, "loss": 1.4802860021591187, "decode.loss_ce": 1.4802860021591187, "decode.acc_seg": 27.922391891479492, "time": 2.0404802560806274, "iter": 800, "memory": 4602, "step": 800}
{"base_lr": 3.398268112074729e-05, "lr": 3.398268112074729e-05, "data_time": 1.3599532127380372, "loss": 1.522388744354248, "decode.loss_ce": 1.522388744354248, "decode.acc_seg": 41.21189880371094, "time": 2.0271647453308104, "iter": 850, "memory": 4602, "step": 850}
{"base_lr": 3.5984013342228235e-05, "lr": 3.5984013342228235e-05, "data_time": 1.4454134702682495, "loss": 1.4572381258010865, "decode.loss_ce": 1.4572381258010865, "decode.acc_seg": 49.11899185180664, "time": 2.106526255607605, "iter": 900, "memory": 4602, "step": 900}
{"base_lr": 3.7985345563709256e-05, "lr": 3.7985345563709256e-05, "data_time": 1.4006913900375366, "loss": 1.5020777106285095, "decode.loss_ce": 1.5020777106285095, "decode.acc_seg": 49.935577392578125, "time": 2.0730982542037966, "iter": 950, "memory": 4602, "step": 950}
{"base_lr": 3.998667778519025e-05, "lr": 3.998667778519025e-05, "data_time": 1.3953370809555055, "loss": 1.492748987674713, "decode.loss_ce": 1.492748987674713, "decode.acc_seg": 46.61946105957031, "time": 2.0674532890319823, "iter": 1000, "memory": 4602, "step": 1000}
{"base_lr": 4.198801000667124e-05, "lr": 4.198801000667124e-05, "data_time": 1.4454920053482057, "loss": 1.3917932033538818, "decode.loss_ce": 1.3917932033538818, "decode.acc_seg": 38.93928909301758, "time": 2.1237674951553345, "iter": 1050, "memory": 4602, "step": 1050}
{"base_lr": 4.398934222815225e-05, "lr": 4.398934222815225e-05, "data_time": 1.3503746032714843, "loss": 1.4222667813301086, "decode.loss_ce": 1.4222667813301086, "decode.acc_seg": 43.793296813964844, "time": 2.0295139074325563, "iter": 1100, "memory": 4602, "step": 1100}
{"base_lr": 4.599067444963324e-05, "lr": 4.599067444963324e-05, "data_time": 1.4621757745742798, "loss": 1.4800742983818054, "decode.loss_ce": 1.4800742983818054, "decode.acc_seg": 35.98194885253906, "time": 2.146870732307434, "iter": 1150, "memory": 4602, "step": 1150}
{"base_lr": 4.7992006671114227e-05, "lr": 4.7992006671114227e-05, "data_time": 1.376264476776123, "loss": 1.3574751973152162, "decode.loss_ce": 1.3574751973152162, "decode.acc_seg": 26.33070945739746, "time": 2.057035207748413, "iter": 1200, "memory": 4602, "step": 1200}
{"base_lr": 4.999333889259521e-05, "lr": 4.999333889259521e-05, "data_time": 1.3500213623046875, "loss": 1.3554559111595155, "decode.loss_ce": 1.3554559111595155, "decode.acc_seg": 49.49541091918945, "time": 2.015164613723755, "iter": 1250, "memory": 4602, "step": 1250}
{"base_lr": 5.199467111407618e-05, "lr": 5.199467111407618e-05, "data_time": 1.4160301685333252, "loss": 1.4270403385162354, "decode.loss_ce": 1.4270403385162354, "decode.acc_seg": 41.63553237915039, "time": 2.0745778560638426, "iter": 1300, "memory": 4602, "step": 1300}
{"base_lr": 5.399600333555716e-05, "lr": 5.399600333555716e-05, "data_time": 1.4024227857589722, "loss": 1.574741542339325, "decode.loss_ce": 1.574741542339325, "decode.acc_seg": 32.037803649902344, "time": 2.0612940073013304, "iter": 1350, "memory": 4602, "step": 1350}
{"base_lr": 5.599733555703817e-05, "lr": 5.599733555703817e-05, "data_time": 1.4189568042755127, "loss": 1.301724648475647, "decode.loss_ce": 1.301724648475647, "decode.acc_seg": 57.705543518066406, "time": 2.075769782066345, "iter": 1400, "memory": 4602, "step": 1400}
{"base_lr": 5.799866777851912e-05, "lr": 5.799866777851912e-05, "data_time": 1.4978657007217406, "loss": 1.38716002702713, "decode.loss_ce": 1.38716002702713, "decode.acc_seg": 48.58540344238281, "time": 2.1579264402389526, "iter": 1450, "memory": 4602, "step": 1450}
{"base_lr": 6.000000000000008e-05, "lr": 6.000000000000008e-05, "data_time": 1.4402978897094727, "loss": 1.372065258026123, "decode.loss_ce": 1.372065258026123,